,A,B,C,D
2000-01-01,-1.4717772209703055,-1.0487607008788187,2.181197211561166,-0.1849166955237628
2000-01-02,-1.7727220784576656,-2.234917973222706,2.7250251318580956,0.14692393166985027
2000-01-03,-2.0490042645240165,-1.2963999989399155,1.1981464047072279,-0.6686085081734474
2000-01-04,-0.534603099802204,-0.7229515179598804,1.2335099237704537,-2.054584747188428
2000-01-05,-0.45197228275125273,-0.11611881640371646,1.668398001976837,-0.8239301190109423
2000-01-06,0.015399201388403061,-0.6020886126961816,1.4784694002111987,-0.7252921807374559
2000-01-07,0.05137165606430597,0.9586575458509284,1.0639689432769017,-0.9051259806230698
2000-01-08,0.6277931314751198,-0.6174376819477797,1.0503969195044134,-0.47555142863778377
2000-01-09,0.08343060658884249,-2.072696584849796,1.2464685499023014,0.20093440225713477
2000-01-10,0.19881331467336344,-1.698309044880235,1.149670542448904,1.13182684932475
2000-01-11,-0.22710314769709605,-1.5218337736512433,0.7716658446047436,0.4694366702987438
2000-01-12,0.07134971349066305,-1.273091448484444,1.5472320059230036,0.9830774037198959
2000-01-13,-0.6683529891202515,-0.5584690758231333,2.6547338041967845,0.28234687171686745
2000-01-14,-0.3932942429210274,-0.9324435384752555,2.518988874879578,-1.2529327337555216
2000-01-15,-2.7990347039607295,-0.730165773520951,0.9061083201287488,-0.3100565522170522
2000-01-16,-3.485306401164685,-1.6801771155956506,-0.4009507656047657,-1.1504292418938253
2000-01-17,-4.756324640369783,-1.8102673091944848,-0.4553642525947962,-2.5644839973829034
2000-01-18,-5.030695196728026,-2.8471777364313398,0.23483366215934343,-3.2366878358580036
2000-01-19,-5.998086355011727,-2.8335101183798246,0.1961747098187712,-5.673474166535987
2000-01-20,-5.197863374493235,-2.4255798819768497,-0.15431772252592793,-4.6310550301498346
2000-01-21,-4.756003520429316,0.11945570144640127,-0.8132845907382693,-4.266942193544472
2000-01-22,-4.893179607368926,0.04151512972147525,-0.7816686775743763,-4.091890957194908
2000-01-23,-5.917952538310464,0.5138374394744387,-1.0363098501910324,-4.264246705493009
2000-01-24,-4.8301926093084955,2.4535984681944707,-1.6093332120497466,-4.487296594036274
2000-01-25,-4.149805174825885,3.3497116614904994,0.059908225921073255,-2.5639651179990475
2000-01-26,-5.633953836550763,3.2822267878185087,0.580558681449795,-2.449405768235292
2000-01-27,-4.073158505760714,3.739361871486887,0.9147923613932749,-1.3471250414270042
2000-01-28,-1.8451261821825082,4.596169184371209,0.5239700966601641,0.7326995114247894
2000-01-29,-2.670927359623378,3.365027547712568,0.397125436532989,1.2797806073631222
2000-01-30,-2.9210917159857677,1.5739649826040845,1.92286681340628,2.43811573212015
2000-01-31,-2.58823815257572,1.8667779797549469,1.9292227230202463,1.154623071807639
2000-02-01,-2.124963402435955,2.2883089228527185,2.404006965514688,1.614865462511203
2000-02-02,-0.026246084658808844,1.408419500204873,2.6498657735867805,0.21627322131034576
2000-02-03,-1.627642889003438,1.4621443021181915,2.6012186777477937,0.2469928821582681
2000-02-04,-1.9400202391835244,0.9038823582722859,4.281264339812342,-0.966804647182461
2000-02-05,-1.6861274652249596,0.28037354325304575,2.2133477114634865,0.5436521594616999
2000-02-06,-1.1043569740649004,1.5549625448184399,1.7401491170713832,1.5274773560214445
2000-02-07,-0.9714703294367464,0.7543625477718141,1.0996144355976416,1.3132456991738264
2000-02-08,-0.14991242192867915,-0.3142891135320054,1.085458816281502,-0.16439047809104657
2000-02-09,-1.0856791110617898,-1.0636147891344985,-0.1957147589595456,-1.4422410023454308
2000-02-10,-1.2928617579766837,-1.5949897690980026,-0.4658870303078614,-1.7264096161556655
2000-02-11,-1.8658684491634596,-1.5181280179432286,-0.14645185959251972,-0.7472924541176451
2000-02-12,-0.9148318479537462,-1.3048858432711132,-0.9338508849972836,0.2823019406538845
2000-02-13,-1.2461140171494547,-2.6772792061993087,-0.8303308866545008,-0.44319662471281085
2000-02-14,0.44633105744568646,-1.641555375558231,0.25695995249251224,-0.6590402516672887
2000-02-15,0.682088955775559,-1.5418862750455735,-0.3127359007655829,-0.844741785759549
2000-02-16,0.07408527449389601,-1.8837516216931511,-0.4536596262621657,-1.5179202438638817
2000-02-17,0.8584567366773881,-2.4084639998456634,0.49977394887050897,-0.9793477309935439
2000-02-18,-0.740663460381882,-3.4576120380224205,4.860903122710576,0.04229908264272808
2000-02-19,-1.2467395041971439,-3.156162617057588,5.996352799823092,0.8494164430376775
2000-02-20,-2.0331769956202006,-4.162544607774679,5.242327750043278,0.26741609156610535
2000-02-21,-2.6006103797196563,-4.705959646265478,5.089981870839859,-1.0568404287143145
2000-02-22,-2.764430003273316,-4.7310037191136844,5.3101841898513875,-1.7654194712233358
2000-02-23,-2.359801647432103,-4.8247314368971095,5.20105390682435,-0.8432744469397282
2000-02-24,-2.525145380596876,-6.122265181711205,5.955329315762729,-1.3923304164605312
2000-02-25,-2.04717735113166,-5.821266654173137,4.807356187259412,-2.544314558215012
2000-02-26,-1.6268685637791747,-6.988854395709582,4.910317243471005,-2.4692729097676556
2000-02-27,-1.35643475219165,-7.092738801937306,6.282128056135205,-1.2400744222351108
2000-02-28,-0.12438684510459086,-8.246861129435779,5.532778576346713,1.5626642929427286
2000-02-29,-0.10334671010983536,-7.935322140670791,3.8590410522475826,1.8540708271600228
2000-03-01,0.9497897892358997,-6.8040397620313176,3.431503294553956,1.8615473773946243
2000-03-02,-1.5048195603403607,-6.947665315310327,3.9023160926682645,1.5662413222457134
2000-03-03,-3.5212953386537738,-6.266631223652291,2.2322461404710756,0.7318500004230202
2000-03-04,-3.7426084369959467,-6.054536049061347,3.03439724084161,-0.0356989436166153
2000-03-05,-3.017509875117805,-4.233267919521082,3.933046744562912,-1.3117507965500286
2000-03-06,-2.492996376582706,-4.493025897985074,2.302607097815832,-1.7123187591403046
2000-03-07,-1.6852196433112785,-5.812621735401189,2.2046605271609563,-2.2032343589068666
2000-03-08,-1.0478177125063288,-5.648591903209492,3.186194576095363,-1.5399738396931586
2000-03-09,-0.2565358733272137,-7.006892958063466,3.7705813856275845,0.22093274067609192
2000-03-10,-0.5204031460622567,-5.504086408396919,1.448472330348931,0.4291881718591583
2000-03-11,-2.170657689397256,-4.7333488279583324,0.13163748172642054,3.4543690742468383
2000-03-12,-3.2475115883918804,-5.245227339887866,-0.11355990656255643,5.479152762616819
2000-03-13,-2.9477566419607584,-6.812445719453024,0.0370086346656682,5.2178769090798
2000-03-14,-2.947500094899544,-5.415653825101996,-0.9321469495987357,4.609814788553087
2000-03-15,-4.509837814666107,-4.530305806870255,-0.2411866229943378,4.575526455946728
2000-03-16,-5.361029978479146,-4.86491696248906,-0.5179541439581266,1.5865580776032595
2000-03-17,-5.851568528136649,-6.416176702817053,-1.5305190323125843,1.368475716231548
2000-03-18,-6.016062883441847,-5.694390375530474,-0.7506114366551897,1.1776959090954289
2000-03-19,-6.596487443712911,-6.401163298603381,1.0158902356659132,1.2802294596457875
2000-03-20,-8.512494459631636,-6.179772436445256,3.494435461510239,0.18651383788733344
2000-03-21,-9.429827620610736,-5.226296488450933,3.8013572476682063,-1.1425223197454424
2000-03-22,-9.553923751873066,-4.293801998012134,4.610740154089117,-2.339625193889307
2000-03-23,-7.662028157353503,-5.148497077819757,5.054802462787605,-1.732290318516815
2000-03-24,-8.115545792063854,-3.871611259402914,5.547467779607667,-2.5349137976062375
2000-03-25,-7.232127455939427,-4.33577234553076,5.939643093808403,-3.4946275984605033
2000-03-26,-7.916101633333122,-4.64752561555825,5.294805321432384,-4.338888840346706
2000-03-27,-9.558862123862328,-4.925007224688443,6.527148285450932,-3.56681304423907
2000-03-28,-10.65358653015379,-4.924618842447115,6.057777693110945,-3.9916150808228656
2000-03-29,-10.970806890131325,-3.7477347832409764,6.187515220664129,-4.09496799294785
2000-03-30,-10.363184073662394,-2.884529841670313,5.075811070863336,-4.657851675016734
2000-03-31,-11.597766622086219,-3.2018852628597982,5.920197335836992,-5.630051459188649
2000-04-01,-11.778248239245512,-5.186996307212183,4.794647616987328,-4.9949943692341785
2000-04-02,-12.329655362727202,-6.267757249209298,4.716152062981194,-3.386462095796137
2000-04-03,-12.11933906997449,-7.32171497751872,3.9454517672373015,-3.1811465544798914
2000-04-04,-12.93468780108806,-8.529182200829712,5.0604290169991515,-2.87089194646681
2000-04-05,-13.156317356596832,-8.697251576320495,4.284948216687035,-2.7277010334969107
2000-04-06,-12.930642929200674,-7.373554903336931,5.609410427613692,-1.4492268162820898
2000-04-07,-12.652383321879759,-7.3843201671940415,4.732754530992622,-1.1302872605335157
2000-04-08,-12.18298885704354,-6.855270865247563,5.925655128595222,0.05379004220230876
2000-04-09,-11.739362260371738,-8.828346575093763,6.081947808553591,-0.34062200688078004
2000-04-10,-12.421767931907668,-7.197144256616771,6.7009918264703145,-0.20441115383110245
2000-04-11,-10.743537557238712,-8.045362212378713,7.966076754626809,0.5506952182513557
2000-04-12,-10.273923518939927,-5.8497623964943095,6.780715970869202,-0.5441793378803205
2000-04-13,-9.372908090503039,-6.479011619178104,5.985571999170058,-0.8622057959639617
2000-04-14,-7.18132810884908,-6.441422987507837,5.40921938172373,-0.8441372528768374
2000-04-15,-6.619440601344599,-5.854961384130079,5.166235409868346,-2.375327226072078
2000-04-16,-5.337350837886639,-6.1938637187122625,6.301121692548173,-3.8885202938060743
2000-04-17,-5.694502687462308,-7.664009599268379,4.9588656257886985,-2.3759572025077436
2000-04-18,-3.974603396576666,-8.35446236261001,3.5654145302853117,-3.7582118045030364
2000-04-19,-4.479951987508237,-7.119828149138074,2.571204239302979,-3.4953292576621076
2000-04-20,-4.929820807844133,-7.15896400540452,3.1032071287193856,-2.8237904713261606
2000-04-21,-3.9428884874038572,-5.717743976931927,4.061260501289138,-5.0985284438872664
2000-04-22,-3.799166358360304,-4.707770625076189,5.30592090469246,-3.686161049019077
2000-04-23,-3.673747089784541,-3.6611926589909887,5.855627417008043,-3.0978384592208097
2000-04-24,-5.454069724233191,-2.9707929139855134,5.974348587215253,-2.98670557028557
2000-04-25,-3.5709492242499943,-2.109466636325952,5.144142812757353,-3.9070178006181804
2000-04-26,-4.2316635718011595,-0.9162594586396977,4.231000973399886,-4.245730912364679
2000-04-27,-4.770673443570487,-1.0804425325374816,4.902508707137257,-5.833240465676892
2000-04-28,-3.68630537208829,-2.8807159072911097,4.357499813701494,-9.25400839287883
2000-04-29,-2.836492270164718,-2.744000406890376,3.9741816108691466,-9.687192954823214
2000-04-30,-4.097683721433086,-3.488182391427769,4.754061369939263,-8.990101057698173
2000-05-01,-5.223674167679214,-3.1692256257971376,4.2824654812848335,-9.066245284739248
2000-05-02,-5.3987480386020055,-2.660028436192057,3.824030596716726,-8.691099738510182
2000-05-03,-4.866990607202544,-0.8419765384825248,4.004505441104617,-10.342626536009993
2000-05-04,-3.387227249708438,-1.4013646342348047,4.276327670687392,-9.644805012677654
2000-05-05,-3.4425755904329374,-3.3134607876543734,2.829123156851929,-9.140367694018702
2000-05-06,-2.542517061284642,-2.7885074437598263,4.126046162744614,-8.290067568067713
2000-05-07,-3.267750430204496,-1.7952397242968439,3.341633288739091,-8.560518453348283
2000-05-08,-5.323240822204639,-2.7207053019501903,2.588528307979262,-9.168710182124626
2000-05-09,-4.479591275087303,-1.7807808259200302,2.4052895773208234,-7.3728385474092395
2000-05-10,-4.907368325183088,-2.3872269404687763,2.4791805321564686,-5.893386150123259
2000-05-11,-4.585987002471851,-1.3140886685164113,2.9018964850659037,-6.671145535131517
2000-05-12,-5.246199594506489,-2.8649261007561284,4.20107099848593,-5.029522323773914
2000-05-13,-4.352536767429756,-1.9258408951385206,3.2954422354434563,-5.634527676295234
2000-05-14,-4.962942926334094,-1.1862057101252517,3.7812454927695587,-4.97452878165805
2000-05-15,-4.126259247369342,-0.09437420830547971,4.242013135944352,-3.8736928458348343
2000-05-16,-3.4869505728511827,2.7569832745787233,4.38350158532619,-4.3628920015392225
2000-05-17,-3.014904833042916,3.6654558276538713,4.379070733623846,-3.990976906241239
2000-05-18,-3.5109470324881675,4.150638528061516,5.818153858507528,-1.9549083477737321
2000-05-19,-3.058306036085417,2.2156706248295643,6.594916226914283,-2.1794361347156923
2000-05-20,-3.81250759646955,5.28408857448308,7.243652632918496,-3.294875465585166
2000-05-21,-4.481835205508059,2.3778614985603026,5.727245122528059,-2.946072765175927
2000-05-22,-4.667838718679506,2.1726366197512395,5.60066123707972,-3.667731466645688
2000-05-23,-3.7944525204518817,2.2478267651738753,5.044658175521706,-2.975591176064173
2000-05-24,-4.056723669545999,1.0561077512556982,4.804763828509298,-2.844118278833814
2000-05-25,-4.935001474125299,1.7722475098138255,5.852724315859618,-2.1670910503745695
2000-05-26,-3.5430424310667386,0.9124880600788856,6.416874428989857,-0.7291084555988312
2000-05-27,-4.169534134400434,-0.2357633959759844,7.619847067451821,-0.46658165325498085
2000-05-28,-4.4198174205831595,-0.09021776602729684,7.4582435037332715,0.6245503516725983
2000-05-29,-3.358820584856467,0.363419858086661,7.4987983112878895,0.14319559188566422
2000-05-30,-2.9451362395070455,-1.6769608606695485,7.743279785427266,1.0476441317628695
2000-05-31,-2.468605442708685,-1.1059934221249625,7.474298232974782,0.6069211082704735
2000-06-01,-2.167961919786837,-1.3189925958710251,9.459296613933777,-0.27478507378477957
2000-06-02,-1.792442843134792,-0.7768722527417952,8.937951264829083,-0.285530957886929
2000-06-03,-3.634407926042539,-0.20492252478745532,8.667665805134497,0.06968371215468638
2000-06-04,-3.140007899969878,1.130888493648476,8.487168337891617,-0.2563528955043678
2000-06-05,-2.6440621343851616,1.1631915607762104,9.307059900632542,-0.14901314758383466
2000-06-06,-3.713119164890583,1.4302015947133015,9.764173513103454,-1.2721366804509113
2000-06-07,-3.6975590499007547,1.950819937208915,12.250243845562666,-1.466415294903871
2000-06-08,-3.0794076207491363,0.550284911063512,12.087125220715727,-2.494597297310519
2000-06-09,-2.810971942518818,0.4178408527865589,11.455660521617968,-2.972230640276413
2000-06-10,-3.674814811547243,-0.2510007557426249,11.21229643058079,-4.19331880311559
2000-06-11,-2.301530608542193,-2.3964140792849324,11.252697437071497,-2.8617035714870873
2000-06-12,-2.1576927389424583,-2.021768388088642,11.43136184949296,-2.2016699775190443
2000-06-13,-1.8727763028625923,-1.9603205858625203,10.128856008327284,-3.221694768082928
2000-06-14,-1.3535519296750191,-3.7691068889490644,10.948416506633738,-2.096475236968696
2000-06-15,-3.111253779794483,-4.677074911201601,9.808301671679072,-1.725702239310269
2000-06-16,-1.3182584939232924,-4.139945540996278,9.724911618116014,-2.8466036307440126
2000-06-17,-1.119429892732776,-4.74197814365512,8.288347556000119,-3.0983030781998138
2000-06-18,-0.6893805009622611,-3.8507141510799627,9.148271508231476,-3.4315775368981973
2000-06-19,-0.7897626875037472,-3.972364742366162,9.63694847860944,-2.272142027890153
2000-06-20,-1.1317174067585987,-4.741220243999733,9.176926629350532,-0.6114780301294751
2000-06-21,0.015268474184979342,-4.961253384309435,9.582211712513784,0.22815960680806657
2000-06-22,0.4744021994790652,-4.6596128279908955,9.464111161367006,-0.5440359175453869
2000-06-23,2.126487945907979,-5.170920342580848,10.690841822825131,-0.09933065104299121
2000-06-24,3.414813899804281,-7.6830797451655215,10.577496326543836,1.0656030403173953
2000-06-25,2.7207662915685713,-8.094320899318419,11.369639227424706,2.679204924455974
2000-06-26,2.904247597216036,-7.940332193332606,12.33076911080498,2.7996641749611837
2000-06-27,2.98607101990106,-8.28387293795075,12.109467500521646,2.3736850724302676
2000-06-28,2.3418027668647663,-9.318553444960285,11.822012295935847,2.311144217557755
2000-06-29,3.4580724873450075,-8.347462476895387,10.733510007597186,1.3381034722279899
2000-06-30,4.661240598722699,-8.375808901056551,11.350297999895295,0.9949159965306738
2000-07-01,5.114342984058264,-8.537562693207047,10.675307650511323,-0.7442550154120218
2000-07-02,4.515223660767222,-8.861756398696407,10.33047995401143,0.6015461592233853
2000-07-03,5.488441071370033,-7.621455405256819,10.102868782506148,0.7127482634657855
2000-07-04,5.28007739490785,-7.321145588473914,10.100889691300836,1.3173847267353178
2000-07-05,4.863287415388494,-7.428648288891483,9.97378868434167,1.1496864006965217
2000-07-06,3.856141904238804,-6.219081567262415,11.315606106967655,1.3973079758174487
2000-07-07,3.3669045747997273,-6.176824313646041,12.679578430289622,0.7420763267116813
2000-07-08,3.433193833259938,-6.104905467055381,12.024452733534472,0.4738713814331269
2000-07-09,3.0420811632073894,-5.974423144982223,12.293646197332357,-0.2629313358125772
2000-07-10,1.4646262937098349,-7.204268598212817,13.04911348478805,0.930064233393909
2000-07-11,1.4905350037774574,-6.6814572582177885,13.190877589641623,2.664275417882298
2000-07-12,-0.07727099128461856,-7.8635906074214885,12.097307015787528,3.0543628454270304
2000-07-13,0.24944153831436683,-6.463450702045483,10.729275751775651,2.1844584707300787
2000-07-14,3.381369641856463,-6.955666879747268,11.696403661474534,1.0620865001812776
2000-07-15,3.6174954585075967,-6.9153598266391265,12.087370175263132,-0.6986259363152683
2000-07-16,3.0234623936259855,-7.917514238907516,8.889192876209657,-1.2740674950985138
2000-07-17,2.934804670501263,-8.222378218213851,8.74025633955701,-2.0730379752719736
2000-07-18,1.4935738616462635,-8.609685761013365,9.693959049923174,-2.2923152102510276
2000-07-19,2.2904588914243034,-8.41616030426104,8.103585744603443,-3.245346969197671
2000-07-20,0.12813757511485946,-7.520328891805995,5.772218797322451,-3.735613096639807
2000-07-21,-1.7117389072149343,-5.258102736241788,7.408070815158355,-5.077368369248066
2000-07-22,-0.06520825573582378,-6.0340738029523155,7.502591812216523,-5.481415529595806
2000-07-23,-0.7177977433714916,-5.329995838341061,5.866930355814369,-4.629832522345961
2000-07-24,-0.40384894582245173,-5.798542241993021,4.697346120814503,-4.926043753362189
2000-07-25,1.697696401524554,-5.888367693736778,3.0766813902252004,-2.997841479293505
2000-07-26,2.679550208665546,-5.626858037209876,1.9941165869236144,-3.188439868833418
2000-07-27,3.5272047624284433,-5.073814310794017,2.508598983830747,-4.093227476920118
2000-07-28,1.9939643528931692,-6.089308510949663,3.224640011024319,-4.071985363710664
2000-07-29,1.2851505771233567,-5.604070859845532,3.71600258489673,-2.336353061013754
2000-07-30,1.809656284891983,-7.294118099099121,2.3478945953477046,-0.791977372659725
2000-07-31,3.6790150677326947,-6.853056473956048,2.431255360713268,-1.1034579392225818
2000-08-01,2.2165827369730278,-7.068900914904159,1.7267290668323354,0.12551303248651702
2000-08-02,3.610759919474545,-6.515286762282841,2.0767690228047124,1.6588214587071242
2000-08-03,4.155067077031999,-8.120502716097171,2.0621994097617895,1.9292689142145538
2000-08-04,4.837015365462706,-9.731828216875043,1.4073806880968813,1.586847139500699
2000-08-05,4.0251010186999885,-9.985720088302504,1.5860422776987415,3.042956810847139
2000-08-06,3.263036248765043,-10.366430606136426,1.4983733566402488,1.5439211473478347
2000-08-07,3.5112691460134444,-10.524267509829702,1.8346016522571973,0.8286174666461799
2000-08-08,2.9195715245550846,-11.877022258871877,2.639473977236271,1.5624984295077784
2000-08-09,3.0875778070123285,-11.530711245901308,1.4670312986944072,1.6959089544058759
2000-08-10,3.000400161993805,-11.47271736479268,0.3882387363450879,2.049193386015063
2000-08-11,5.533475483152767,-12.156723713710935,1.4377320882856057,2.1077505916615924
2000-08-12,5.908556492800409,-12.477170739769639,2.7428924490019595,3.2315588881550745
2000-08-13,6.026740445282475,-13.561030176936859,3.171128266774554,3.127662614303817
2000-08-14,6.241541670137999,-15.429474153890725,2.350350085740847,2.5002650459761764
2000-08-15,6.019338087659891,-15.720013799523526,1.8424131269454995,1.8585849890765047
2000-08-16,5.465184444748798,-16.568674766745836,2.672950366921763,1.6854575181606475
2000-08-17,5.410768469464279,-16.370428255703015,3.939734109509077,1.9602903308940582
2000-08-18,7.14372524312013,-16.171018894273256,4.966045807841647,2.571775255433894
2000-08-19,6.326965148491748,-17.116146023267596,4.980301864563446,3.4803757031808313
2000-08-20,6.257923007763095,-17.729048905490274,4.215719547748116,4.489420742058716
2000-08-21,7.573513770637838,-18.44778903087958,4.58989327578132,4.655747470709031
2000-08-22,6.7427669597157385,-19.481765154049885,4.322474937112615,5.202737065030552
2000-08-23,6.412333194898293,-19.462666487554042,2.8557218929871357,4.006421901616336
2000-08-24,6.617252720013292,-18.437558119714282,2.9092655707297843,2.6040550793379094
2000-08-25,7.618711247539777,-17.024796741477378,3.6074950368293517,2.697980419220195
2000-08-26,7.762126377757714,-15.699893216127654,4.147502507662641,3.98879795771549
2000-08-27,8.150011619931027,-16.3913740046905,5.286928306019986,4.617435458149057
2000-08-28,8.100526751093392,-17.990769528028927,5.634086628868869,4.108294919675265
2000-08-29,7.584040444288127,-15.64217559076668,4.360247607797013,4.099237203285646
2000-08-30,7.565080698850046,-15.320661114542611,4.121236036043883,2.890975539097348
2000-08-31,7.322214058022311,-16.922400751451438,5.796127746795296,3.5893428272505066
2000-09-01,7.7315003891215035,-17.33668726157439,4.238469361447605,4.584375241267405
2000-09-02,9.012403454479866,-16.304415649034798,3.9227079835704526,4.428690705354703
2000-09-03,8.311533022275187,-16.122631993487538,4.894018717379577,4.575922574959924
2000-09-04,7.5026720842371795,-16.303098590245018,3.5138784822656435,3.6215263121795975
2000-09-05,6.678344503817832,-14.865883138418837,2.6181981099460425,5.601512402924407
2000-09-06,6.348965226139425,-14.078617798819069,1.64157937029082,6.461049285400979
2000-09-07,6.15863794111533,-14.880653296758311,2.5973886732877727,5.308393175970501
2000-09-08,5.359986304660074,-15.872589768746522,1.9096543735754359,6.369210950359992
2000-09-09,5.973039510924487,-15.627257113504724,2.0878624880224264,7.964090797425105
2000-09-10,7.714643152489779,-15.063563879206287,0.23749679553809844,9.914768609327783
2000-09-11,8.737293415833678,-11.874372412655553,-0.26381733339122804,11.319959928024957
2000-09-12,7.064858961841313,-13.09806823899702,1.531718942806155,9.470818025639488
2000-09-13,8.370806615032365,-14.337450373680612,1.3212118241999482,9.50036102420292
2000-09-14,7.984804570448854,-16.31570169506574,2.291539245556206,7.275811250113245
2000-09-15,6.485451218871706,-16.184937381782788,1.8252201029507014,7.700694854574616
2000-09-16,6.6092408468939325,-16.917526675311027,1.0995441238700034,7.607428672934255
2000-09-17,5.717523050145316,-16.43751206439648,0.4481181373607649,7.767264803036407
2000-09-18,6.721455417297263,-17.663852023116362,0.9240179741518233,9.021938055208249
2000-09-19,5.245702729004176,-17.053228136378422,1.720865768060372,9.116627662122951
2000-09-20,3.3924507741998737,-16.832256972918284,3.095074279792959,9.412756193588429
2000-09-21,3.4257580642080945,-16.54853590441143,2.7845238971993043,7.682340836094847
2000-09-22,4.34995160065969,-17.416705007919553,3.1359213731262288,8.135329835983855
2000-09-23,5.012677184277354,-17.15739297028727,3.6448882524586272,7.944019604883735
2000-09-24,4.837266790036347,-17.888126853023724,4.872045432748573,8.124063279499856
2000-09-25,6.209661992287748,-17.252845491616945,5.206649158513213,7.22998237697053
2000-09-26,7.006687356483892,-15.856263746921776,6.204440497197743,7.033463458604991
2000-09-27,8.191678620723778,-15.526696750167932,6.491148550007329,5.7133455577284025
2000-09-28,7.621287223413466,-15.215373746862928,4.662162433925177,5.368653800384564
2000-09-29,7.349561416439778,-14.255598538877466,3.4525206352510267,2.5605812084672794
2000-09-30,5.468087449185272,-13.761071370037124,3.0776854230606423,2.1193788275758543
2000-10-01,5.412854195020589,-14.828564754109463,3.209439335414149,3.253827177405506
2000-10-02,6.357082868115949,-15.331329878839766,3.0249160451121573,3.2261528953505203
2000-10-03,6.0816562541266785,-14.789658085786574,1.4510227093420776,3.6008132878661443
2000-10-04,6.610780100246,-13.334495815147628,2.6179385756780427,3.9241588825752762
2000-10-05,4.712057908523116,-14.211414761723269,1.816706730556727,5.252181013880895
2000-10-06,5.2240901595514435,-13.709375188482785,3.375257512477136,2.987032633859696
2000-10-07,3.229720656376739,-15.390890819681532,2.185542933770053,1.480498561589222
2000-10-08,2.2548828082738854,-14.65830614266672,1.4419773739284445,1.0324902188558789
2000-10-09,2.5210905317107684,-14.79099192358726,0.7423534478680572,1.7212443168226539
2000-10-10,2.9299418398957053,-14.611310958057976,2.2374649363443075,1.012177996856472
2000-10-11,2.482858554796726,-12.509467079785786,1.4777890526944266,1.7224927117091422
2000-10-12,2.278331373714073,-11.58376806384884,0.6514423600343988,2.7109290507264063
2000-10-13,1.8122713203295635,-12.913725885703888,-0.141752495621562,3.4819008437260943
2000-10-14,1.3660487859804331,-13.619270571000985,0.0694033370201623,3.1793237797034326
2000-10-15,1.1103922719713506,-12.586504452913573,3.554193978956245,1.4571701335376974
2000-10-16,1.5262872242357635,-11.08875814247687,2.5228195713825743,0.39703082688230507
2000-10-17,0.4868522472055046,-11.813615667616409,3.4244208389227455,0.5566042734553337
2000-10-18,-0.7130962310920483,-10.199360807815053,2.437040918558318,-0.7307373441552111
2000-10-19,-1.2033297376538423,-9.793136195205001,1.192005901015844,-1.37658873122599
2000-10-20,-0.5010669508617448,-10.175294433706217,2.004390318624642,0.4915794331938723
2000-10-21,-2.4184793133639446,-9.666998695928724,-0.4347237011305096,-0.8543848597887884
2000-10-22,-2.0487623310307734,-8.193856508729311,-0.8173724793810697,0.6596705447693316
2000-10-23,-3.2200521785648286,-7.272636630755199,-0.07828471062936582,1.0165613905529018
2000-10-24,-2.083075557870355,-6.667702492220258,-2.3387968688379015,1.758512155777318
2000-10-25,-1.5350872566927545,-6.547314157127337,-2.5053524491821504,1.881179799701499
2000-10-26,-2.821190462964183,-4.2726444809900865,-1.630589762268838,1.7919636676676136
2000-10-27,-2.305669275370893,-3.917390425126998,-1.475098275794568,1.7646857322440583
2000-10-28,-3.9374427744853118,-3.5227664684264357,-1.3076807009838634,2.7330357175621427
2000-10-29,-4.074414792096404,-2.5773102126878285,-1.8278158299135097,3.3532433081421926
2000-10-30,-2.7837319977148223,-3.97597729940395,-1.112966436037035,4.382714166537311
2000-10-31,-4.009285550511503,-2.612206534970986,-2.0428048159574144,5.041779994151489
2000-11-01,-3.3630062822891698,-2.452396332943082,-2.740402137135958,4.797756419611185
2000-11-02,-3.5508828210377854,-3.9052257855541366,-4.255481921914951,5.30549186592824
2000-11-03,-3.7219272340324476,-5.125813237251567,-4.572675806277058,6.442119619324424
2000-11-04,-4.334149167208704,-3.8579645436103625,-4.087984320014789,7.114079638340869
2000-11-05,-4.07282486590078,-2.903053554374857,-5.054950319998465,7.586258056148142
2000-11-06,-4.219648680461722,-2.436301767936847,-6.262113554140626,8.051997036337328
2000-11-07,-5.903809587938691,-3.3733421902907548,-6.975742549137738,7.789319113027438
2000-11-08,-7.350814916920685,-3.5383081909975553,-5.308568598156398,6.614333565947181
2000-11-09,-7.601086805783684,-3.7377663175862446,-3.0978965350298897,8.262251407971824
2000-11-10,-6.912782381503249,-3.4954813054068774,-3.8665040400296684,6.5228138671382165
2000-11-11,-6.832547678417758,-3.30865275846056,-3.709927342855682,7.049787911317336
2000-11-12,-7.664097280417119,-1.590553045340393,-4.247415173576747,7.045031081397449
2000-11-13,-7.050338860743285,1.6670750853441643,-4.951498341682034,6.385616633725399
2000-11-14,-7.38335136471816,3.8834433760954257,-6.6430670019364015,6.783784817041845
2000-11-15,-8.147482860821416,3.8828427217901162,-5.401383732747854,7.214306835058358
2000-11-16,-8.631983305831351,4.576962340212834,-7.934444360205232,9.485904350003938
2000-11-17,-9.829470908039015,3.51959535257413,-9.659348301384705,9.378190402888759
2000-11-18,-10.737175836812412,3.78966700442676,-10.311730039699924,10.771010704208827
2000-11-19,-10.473263406751984,4.2391368351279,-8.72174917001683,10.68266339349902
2000-11-20,-10.550188130000242,4.402138742245078,-9.352849559467728,9.118161279390314
2000-11-21,-12.552807987602199,5.233359368562349,-9.556074967710007,10.197764908677836
2000-11-22,-12.168462914029561,5.849836430863993,-10.088710140351502,10.881899549234035
2000-11-23,-10.742503845741966,4.096608006101778,-11.038993362464682,11.68292865758452
2000-11-24,-9.770195316846415,2.095665524814282,-11.47595062271,11.270920956731453
2000-11-25,-8.774031013021899,3.0637892257981827,-9.816601357772493,10.948661863612008
2000-11-26,-6.850868529227387,3.3317684418076907,-9.64893080285688,12.974059278767038
2000-11-27,-5.645746659718144,2.30589736060002,-10.204576437430042,13.240037082533952
2000-11-28,-5.8930485016224745,3.5450326786535604,-9.591991745092109,12.744490754223165
2000-11-29,-5.098131838526112,2.0082029803711965,-8.060379200287189,12.701731163156902
2000-11-30,-7.281825899410575,3.088626644213492,-8.89933160476773,11.467021838605435
2000-12-01,-6.452491633387746,2.8320337761898164,-9.345427944724763,13.060989745799159
2000-12-02,-8.685555786681938,2.937831998403123,-10.35970822755586,13.45025817415196
2000-12-03,-9.951124709967887,1.972545287934561,-9.829598085295178,13.821508390138877
2000-12-04,-8.490641351961091,1.8924983931125592,-11.875313950064326,14.469276333737842
2000-12-05,-10.660491334111702,1.6781457216638225,-11.2266034216974,14.352484000877276
2000-12-06,-9.437558575940054,-0.02957906609604022,-11.529347552628835,12.161458292013396
2000-12-07,-9.064832661035473,0.05747663091622866,-11.486654446485957,12.334754336679858
2000-12-08,-9.191934694095906,-1.4235515469738795,-11.177134851209136,12.708060848976706
2000-12-09,-8.541796376680624,-2.521316642916471,-9.98293080733146,13.327855819576733
2000-12-10,-9.625606817403277,-3.3278978299372697,-10.388629265449064,12.838569376528714
2000-12-11,-8.639660531305367,-2.371341036767611,-13.039747855914428,12.740851903603176
2000-12-12,-8.576285787149208,-3.0879989771555527,-12.934300098444162,13.219573290759328
2000-12-13,-7.695550577670668,-5.8461186192355274,-12.480891431101162,14.411983714896339
2000-12-14,-7.574957120751244,-6.577903740661695,-12.274323741790207,14.887423652870346
2000-12-15,-7.045955138613538,-7.2945740918384345,-11.19549994645413,14.827493681576303
2000-12-16,-6.816843655160252,-8.071657156786125,-12.067117815020191,15.207577816419908
2000-12-17,-7.434951606150907,-9.37620541342584,-11.509179520055648,15.132928393682091
2000-12-18,-5.208363786181761,-11.05251151133711,-12.402114376642873,14.189037494837237
2000-12-19,-5.286005107404527,-11.678891751311749,-11.633738988200923,13.735605319757985
2000-12-20,-3.786713935710252,-9.72762951353213,-10.666133593107789,12.448632312784367
2000-12-21,-3.35624908009388,-10.462338658086693,-10.36110030572705,12.6589316330666
2000-12-22,-4.612978503558636,-11.351273478753125,-10.327155269518938,12.314152235154996
2000-12-23,-4.15418936139036,-11.13324212262402,-11.656370329400179,12.822332816450636
2000-12-24,-3.541209529101316,-12.860443202954738,-12.55484942357071,12.92915765974471
2000-12-25,-4.079217439553339,-12.838861197892417,-13.94366951840404,13.2142249325285
2000-12-26,-3.2127130115817724,-12.49493331588889,-14.889365973431572,14.994740504780346
2000-12-27,-2.964694727358276,-11.367402826975521,-15.176935286279296,15.560327179680788
2000-12-28,-2.4607540405258037,-11.295540293787392,-14.204168922228618,16.819201066052024
2000-12-29,-1.1401821964415713,-14.021461690201814,-14.112932307408093,16.543709954191318
2000-12-30,0.24922835263696075,-12.619947454745807,-14.692576864105089,16.355244197905428
2000-12-31,2.152433613584007,-12.024864304849173,-15.773649672763362,16.614724828798238
2001-01-01,1.8981838291009807,-12.571422106495632,-15.77574450737906,15.980708716249776
2001-01-02,1.319035022384392,-11.74298441612636,-15.865145478954485,16.71192971266076
2001-01-03,2.0539184854201693,-10.977760386220561,-16.027441687982634,16.677111016459158
2001-01-04,3.001735024174422,-10.245153784113032,-16.137084673652144,17.28507704410045
2001-01-05,3.6268388925591895,-8.852309450472248,-14.757910204256241,17.09320378175864
2001-01-06,3.6264391160966403,-9.074947488789165,-13.691064936729298,14.145954708416303
2001-01-07,2.407183206964678,-8.099352003315204,-12.276831782095801,14.17616593806442
2001-01-08,2.728650363942819,-5.913597241396358,-12.586540768764085,13.489671486074075
2001-01-09,2.7320804278244304,-7.403850942977633,-13.112542862846563,13.706201266668405
2001-01-10,2.5717216895628496,-6.374850630271101,-13.195135015184668,12.606987161362524
2001-01-11,3.3020002368049175,-5.359622098120259,-12.189252307288212,13.112476865202101
2001-01-12,1.7265561719063274,-5.052599166841303,-12.68044072037212,12.157877951878298
2001-01-13,1.7005480053031738,-5.019934428072059,-11.879394932243624,11.779832386902191
2001-01-14,2.046401507995322,-3.252571035891206,-12.379505360168228,10.007125427202256
2001-01-15,1.4531495775481673,-4.287389492790754,-15.438032683713013,9.81889462701872
2001-01-16,-0.3209284392178027,-4.216482787969401,-14.448595271476153,10.322622879761154
2001-01-17,-1.1166376803550953,-3.1950460958457194,-14.883740998863583,9.843162550611227
2001-01-18,-0.624441299658645,-3.243822438319162,-16.34626391836699,9.196502350727675
2001-01-19,-1.2280192259237888,-2.183730678515888,-19.332210763024285,8.411997807877022
2001-01-20,0.8935795417588515,-0.5262550093658356,-17.515162359631013,7.024737736652093
2001-01-21,1.1528356443572016,-0.23199657210711594,-16.211009632743338,6.1877107614022115
2001-01-22,1.4030336283129523,-0.3422388590333858,-17.2277738158221,6.424241535125586
2001-01-23,1.8315755021137674,-1.1531658265769074,-15.997683344781741,6.360292575444151
2001-01-24,1.2964039063547794,-2.6880074853006284,-16.866642259096263,6.032303149838031
2001-01-25,-0.0463081769976732,-1.4231087107968659,-18.487197254449747,7.618333796393918
2001-01-26,-0.3933987799061587,-0.6988483113626818,-18.877495762527836,7.2313971138859685
2001-01-27,-0.13111104745412644,-2.148608863767182,-19.472193625199733,7.867264786447725
2001-01-28,0.8602757812768231,-2.578595000183321,-20.535163530116147,7.286893494065002
2001-01-29,2.3579927445471895,-2.992417509905609,-21.402064300631487,9.597724720877476
2001-01-30,1.8721815255037786,-3.1830961209668587,-20.54241742569351,8.12458882090884
2001-01-31,3.1710713576064826,-2.9541698698163983,-20.642615124229877,7.919833457563335
2001-02-01,4.523913462498064,-2.78503706450646,-19.71219199709114,5.899484715684542
2001-02-02,4.295589251161955,-3.780122758974973,-19.041255653421075,4.9447291677214
2001-02-03,3.6585728157446753,-3.6204940827940733,-18.289194356247904,6.0019680669054
2001-02-04,3.6593524866695057,-3.647861724071584,-16.721820693758,6.450514294531918
2001-02-05,4.561689527110178,-2.9100037815708206,-17.319295743746448,6.787754892207047
2001-02-06,3.5388784174342467,-3.385602460862423,-16.659668315257186,5.154628913596261
2001-02-07,4.051977719531109,-3.052228644948144,-17.553642048967063,6.5450949671668095
2001-02-08,3.039380642214165,-3.504177736479586,-17.694177056680385,7.98504146498731
2001-02-09,2.279227199423513,-5.009571211226314,-16.485615957157584,7.480727082145777
2001-02-10,1.642573926265871,-4.749549952182714,-17.245388081048567,6.049045483149291
2001-02-11,1.8132079283783136,-5.166789900621358,-17.08549626461035,4.558431025474112
2001-02-12,2.6472155710643106,-5.5588990667749,-15.2231153890729,5.240448260526584
2001-02-13,2.940568850096816,-5.007310774567421,-15.846992194770277,5.5237050080021755
2001-02-14,1.43951727811749,-4.881132877251772,-15.517865998733669,5.203005950826644
2001-02-15,1.354020678385788,-4.6026111039973445,-15.48255633726786,3.8350104104953084
2001-02-16,0.34202857596319514,-4.854963792013989,-15.330985775755423,4.648238887791569
2001-02-17,1.6218176399541644,-5.007734226617095,-16.74909379602201,3.818624595331598
2001-02-18,0.8293798797163211,-5.2813914536860675,-14.34641614353584,4.375200736772874
2001-02-19,0.2518676218352155,-5.235383500571991,-15.763004556274375,4.8192143602252395
2001-02-20,1.9499524315741912,-5.763540900789164,-15.732381980195427,4.281690264962982
2001-02-21,1.3508722976663425,-4.873458926817867,-15.00072363327671,4.451675245496581
2001-02-22,2.3582892506056474,-5.360705659146681,-14.482846713457079,6.2569962519529945
2001-02-23,3.110749972988168,-5.07880127643947,-12.836907470983565,6.2679234147332625
2001-02-24,4.015917854435709,-6.648312243020531,-13.67903352158715,5.804121149827683
2001-02-25,3.5723912274650855,-6.846710038498409,-13.817880494908477,5.4052439730887
2001-02-26,2.8995186603844445,-7.137782913622034,-14.295482024987516,5.412725457771874
2001-02-27,1.3302114642947442,-7.224559754349345,-14.31208685153568,5.864979986890544
2001-02-28,1.8699105243009555,-7.756242644430164,-14.643836823161807,7.174690645346245
2001-03-01,1.1914253137922786,-6.563835581709585,-14.449973610023372,6.852397126969134
2001-03-02,1.7373107371815815,-5.437948103456845,-15.047270022251896,7.419979225344785
2001-03-03,0.9194069120948752,-6.5516567089292135,-15.252190093831912,7.107785320387039
2001-03-04,0.15827529029822862,-7.179656038760414,-16.092733386766444,7.474871730720178
2001-03-05,-0.3610930968501701,-7.430161633321498,-17.265829233882258,9.081590182108837
2001-03-06,-0.3407438103813732,-6.472012884361528,-18.47453011278193,7.933388570263907
2001-03-07,1.733160358376583,-6.348757232315135,-16.97876882172139,7.052279070443481
2001-03-08,2.4243588484632816,-6.608861486066292,-17.316297810998762,7.847005666367559
2001-03-09,3.599961398799101,-7.721693005828754,-17.667956566187932,7.12478667649294
2001-03-10,1.1392973525831023,-8.418368162350923,-16.02082824497312,7.063366175189743
2001-03-11,-0.6636053281165752,-9.62152740565875,-16.05452507981445,6.637133448012288
2001-03-12,-0.48969240166738837,-8.12278936640768,-15.168489093035333,7.950194231525762
2001-03-13,2.010575273785895,-7.929999269686876,-16.329444371249966,8.595539925063061
2001-03-14,0.3030851106287915,-6.892710471319577,-17.450563095276056,10.528820832241555
2001-03-15,0.07774825473975369,-8.080824883253536,-17.83041695730887,11.169682599434463
2001-03-16,0.044857581908029506,-7.860923683815426,-17.318542402059006,10.959995738356989
2001-03-17,0.005720850204319741,-5.691267290492124,-17.73477850253437,11.52232777298547
2001-03-18,-0.3309665598124546,-4.71480724893742,-16.355106708107975,10.009411806080754
2001-03-19,1.6883143756845116,-5.2574758763898854,-16.62521257868075,9.089072101281513
2001-03-20,0.433108329500155,-6.6800988809995046,-17.57118843247973,9.132710738703798
2001-03-21,-0.6466832480428861,-7.677253521033955,-16.873788856465932,7.159245216360753
2001-03-22,-0.5453512693132014,-7.8915796769205055,-18.224283537226004,6.490157452030734
2001-03-23,-2.1293717734050324,-8.261366226666372,-19.96052143504356,6.402076428489693
2001-03-24,-3.4906929514410745,-8.790355292831254,-19.239556860054055,5.47118294190523
2001-03-25,-3.6229164357890147,-8.998417764149767,-19.276142838359398,5.820417707322159
2001-03-26,-3.495085511479185,-10.190177870593576,-19.344598345660938,5.2979158369054895
2001-03-27,-4.207070001380824,-7.657900310633108,-18.83287380347563,5.415437576350175
2001-03-28,-2.548869025846809,-7.562513003412659,-20.254410473044437,6.267564872453124
2001-03-29,-1.7051274864870973,-6.773253640217925,-19.89996721429577,6.328806084649486
2001-03-30,-1.138713828258037,-6.911614451491425,-20.083573700096736,4.42825326564672
2001-03-31,-2.912713552020947,-7.6195650073426755,-20.04591495051651,6.136536674167303
2001-04-01,-4.101798751840507,-6.178469131404452,-21.098602658558892,6.172028577071166
2001-04-02,-4.202232596358463,-5.087741636044356,-20.163051205747003,7.285565113103731
2001-04-03,-4.158636350556681,-6.6444840446530655,-20.615728415461202,7.1018670782899385
2001-04-04,-5.425425297705958,-10.159592051469106,-19.33602783447853,8.13199880006142
2001-04-05,-5.567869388631119,-10.329113820079,-19.78245151815115,7.104050310089942
2001-04-06,-5.804872819142972,-11.875540830089404,-19.799821314169122,7.058853865713437
2001-04-07,-5.2316607891091245,-11.536417853160644,-20.727358387289556,7.507891074507722
2001-04-08,-6.4635145831215635,-12.150969301762162,-18.989222313234848,7.4957349183859865
2001-04-09,-8.389515902297347,-14.088192454462416,-20.30053780712611,6.978642585517244
2001-04-10,-8.465439546065692,-14.263078798505815,-22.277240355799854,6.821803927109018
2001-04-11,-7.006870013453733,-13.188449160516067,-21.637031223058077,5.126255528177468
2001-04-12,-7.488449844108389,-13.341257913540733,-22.530812412256356,6.019777962659691
2001-04-13,-6.3264623519794405,-13.017795990247036,-21.959340441629646,6.6750645119283325
2001-04-14,-6.891851489305981,-12.340733609978964,-21.400203768248044,6.218419893140477
2001-04-15,-6.358722191693422,-12.99289303763242,-20.48021451423828,6.1783438857735575
2001-04-16,-6.706655246391655,-13.662824343240283,-21.58914241145846,4.718779715905137
2001-04-17,-5.3397335126160135,-14.020259719109191,-22.262755554289086,3.661786131099798
2001-04-18,-5.603669729923814,-14.365042260731807,-22.21114956823517,3.082695569810654
2001-04-19,-5.736372945577421,-14.218537368997636,-22.19288266309206,2.851322304094722
2001-04-20,-5.959826706972962,-14.174531435206767,-21.672638498658298,3.332691665158878
2001-04-21,-5.957729188059396,-17.189751619604948,-21.171601621164402,3.1425257951464154
2001-04-22,-6.283994131247738,-16.450370509587312,-21.52949388418591,4.507063831904649
2001-04-23,-7.0991353123148055,-14.871807748122203,-18.78279785388696,4.219621177548834
2001-04-24,-6.841805615357363,-14.390343055858176,-20.087132131414883,4.405564770260378
2001-04-25,-5.719731926961721,-15.656349619798814,-19.55853508164343,3.5782500941984425
2001-04-26,-4.943989646989618,-16.472788423313222,-18.335943011099715,4.356128038701248
2001-04-27,-3.675907779331533,-18.46190506932754,-18.175736087935345,3.8008461117039145
2001-04-28,-3.3120511578429768,-17.824866226742206,-16.93679305355959,4.115063814981516
2001-04-29,-4.540502551646602,-17.08096781998668,-16.27751996729046,3.3250041703442657
2001-04-30,-5.614147793243555,-17.28977894875612,-16.31113570606201,1.3075422960386076
2001-05-01,-3.9739899619235057,-16.729567539902373,-16.93906977358255,1.44799323940173
2001-05-02,-4.521077811229114,-15.826264447007183,-14.46654442164583,1.286849821051209
2001-05-03,-3.506211036813098,-15.134703149540101,-13.723897184510395,2.0293253050849573
2001-05-04,-4.640995629880928,-14.878284827747017,-13.192752172857276,0.9982743788619517
2001-05-05,-4.622526015527985,-16.00550087916128,-11.643663934110954,2.6686881582215367
2001-05-06,-4.573125748926745,-15.850864692076634,-11.885596401884422,2.3786597880713325
2001-05-07,-3.1917619248762454,-15.031691582645674,-11.037047867713724,2.6396799159503024
2001-05-08,-1.974426692934968,-15.110183312676309,-11.863249759201167,2.741096248159213
2001-05-09,-3.306759568686366,-14.39956327821195,-12.525604254633244,0.34377821350028404
2001-05-10,-2.3036269050950073,-15.59450471811619,-14.007302792276507,0.08704674914170812
2001-05-11,-1.9182550860477279,-14.669774831541154,-15.71063538377852,-1.040912970605161
2001-05-12,-2.646474281953318,-14.458862381078756,-16.573622394181452,-1.1341096175439747
2001-05-13,-2.7751329398911873,-15.513011223155969,-19.165527954883984,-1.564061066794298
2001-05-14,-4.186418738207408,-14.751686156396786,-19.468178518361427,-0.811234811360974
2001-05-15,-4.361918308625963,-14.321415815378975,-19.48419677766747,-0.0211101227100704
2001-05-16,-4.685675577837653,-14.355701473270079,-20.37834432248477,-0.6642115457821968
2001-05-17,-5.5124224746442145,-13.74754543150175,-18.924525341581262,-1.2349849117173255
2001-05-18,-4.67790204619487,-12.430157398025779,-18.95190887935316,-1.6831290772219436
2001-05-19,-4.177015351312212,-12.561226126850908,-18.178227659050226,-2.9222391092733577
2001-05-20,-3.561086906967866,-13.805149830434521,-17.33964696973387,-2.451543837141259
2001-05-21,-5.0611625086214085,-13.084790307263036,-18.008813541871376,-2.259215970695073
2001-05-22,-4.210330340597076,-11.127190240985495,-17.951787794203813,-0.7318976131127177
2001-05-23,-4.450427500147388,-12.967448044143898,-18.201886037432384,0.08653974417981247
2001-05-24,-4.55071630993322,-13.750176747452375,-16.74641871272622,0.15055506349007614
2001-05-25,-2.8765386045713983,-13.130985203274896,-16.838880498167683,-1.4691255582495901
2001-05-26,-2.787649817049371,-13.184045639089666,-17.988457100186523,-2.123729410574318
2001-05-27,-3.581997290607903,-14.068379036060975,-18.952580012278037,-3.403562290832231
2001-05-28,-4.550269553151965,-13.929568641644094,-18.433097215857906,-2.927865815497446
2001-05-29,-4.380191065946288,-13.36080302424618,-18.609644005767397,-4.304268562122239
2001-05-30,-5.882804117074173,-12.464828048729592,-18.45424009783305,-5.139231619842602
2001-05-31,-5.6017791206783105,-12.63797758026883,-20.228565350591527,-5.132472974132331
2001-06-01,-6.722353451634933,-12.531238548164396,-21.114875208484538,-5.499254199600967
2001-06-02,-6.24205040373074,-11.889741123398387,-21.732229230569963,-5.687846645345223
2001-06-03,-6.68066672343416,-11.467668338272476,-20.330647072389162,-4.8384415146696265
2001-06-04,-8.293297909382922,-9.941084529316772,-19.633075503962054,-4.697772670694513
2001-06-05,-9.104197105744806,-9.311313372003625,-19.913782561648034,-2.54199984494626
2001-06-06,-9.109956795397022,-8.739865454850314,-19.87313597160437,-1.84276222464337
2001-06-07,-8.09618267519151,-9.30916012666573,-18.57831651692154,-0.8289054810316332
2001-06-08,-7.540970945689199,-9.285389791395172,-19.087473625694788,0.5299675718902628
2001-06-09,-7.34902772526075,-8.630800798988561,-19.9625094246223,0.6224277036395173
2001-06-10,-6.071272818222693,-8.713046897096717,-19.669420493341192,-2.284601802902832
2001-06-11,-4.869743162422171,-8.6316266932842,-19.14663734284521,-2.1381723122229035
2001-06-12,-5.887437624221732,-9.0418544906237,-17.734045211048976,-2.26593435945149
2001-06-13,-4.911205424649085,-7.512889542458442,-16.23865089271624,-1.606224239556688
2001-06-14,-6.354798837593654,-7.981266797816002,-15.862736502304564,-2.207910605535601
2001-06-15,-7.585981587569468,-6.82779601037642,-16.52018272169076,-2.1487592744923156
2001-06-16,-6.393340547456634,-7.37204946588268,-16.344849328836837,-0.9405397149624992
2001-06-17,-4.7877359170754765,-8.370687466584492,-16.7566996396877,-0.9689582081717906
2001-06-18,-4.928238288359525,-8.47843705642932,-16.2036399865908,-0.4530179934408688
2001-06-19,-3.7723156286255275,-8.90721947526114,-17.01805402423479,-0.16442464236899362
2001-06-20,-4.345294379551572,-7.389745135869207,-17.058026597259147,-1.2158223851893255
2001-06-21,-4.888123055261779,-6.45993234487162,-18.36463680184194,-1.2442313125583808
2001-06-22,-5.357962061112177,-5.959291947922154,-19.555307584939634,-1.0250747132656726
2001-06-23,-4.331813663289197,-5.003418141000693,-19.309657716917812,-1.0968849057040497
2001-06-24,-4.808569812369605,-5.381597577102255,-19.568489378139923,-1.5112829190101367
2001-06-25,-5.177277720795837,-6.107037096190401,-18.97512500669557,-1.4483108307135804
2001-06-26,-5.189389027711432,-7.453445387279077,-20.157714406564594,-2.6156300146342835
2001-06-27,-4.779777167841617,-8.832837133255165,-19.238578702884556,-2.4478689816018417
2001-06-28,-5.527761692627763,-8.581702998938082,-19.23910550027876,-1.623844594174177
2001-06-29,-6.217735960524189,-9.858509817718785,-18.779950803535645,-0.35565211378906314
2001-06-30,-6.286103903731235,-10.183338390944593,-18.798805329250772,-1.3113447585859486
2001-07-01,-6.043340177090355,-9.213967003971568,-18.347227657394942,-0.9825744755325208
2001-07-02,-5.973397559626298,-8.165697008218128,-18.031073141195968,-1.6014517142899858
2001-07-03,-4.280329819419603,-6.924981998394957,-17.403974625886836,-1.6810634545791405
2001-07-04,-2.5291849053947075,-7.270181614847358,-17.138173442024836,-1.0071537397591181
2001-07-05,-2.113506986098952,-9.01050641048319,-16.344395112891593,-1.5954760028232549
2001-07-06,-2.2914935958589853,-8.743393783360698,-15.762816283489252,-2.0921964500065533
2001-07-07,-0.8828771055221085,-8.656663845398144,-15.601770360174354,-1.883363221565854
2001-07-08,-1.137193688901701,-9.797256177692992,-16.673364415870385,-1.4669598230258698
2001-07-09,-3.5328597765488947,-9.795442411562833,-15.87622060998989,-2.25651185752103
2001-07-10,-3.1420785049101325,-12.840727675548795,-17.427809173961332,-2.8808565323007245
2001-07-11,-4.004761570596644,-12.554368067837569,-16.383914834862672,-3.3154287127883464
2001-07-12,-4.282030075181481,-11.183811254898535,-16.846816774199286,-3.1086499939230223
2001-07-13,-4.4296490762719625,-11.43277267867864,-17.685643250955174,-2.472959201358507
2001-07-14,-6.042906331762508,-13.467993313210316,-17.861860346562366,-1.3970969736157088
2001-07-15,-5.520362458725343,-13.545983734064983,-18.17044931433599,-3.0550506962220294
2001-07-16,-5.54908294415171,-15.339972086403487,-16.658046273131696,-3.1333501657388774
2001-07-17,-5.664205517355788,-16.28752420480009,-14.868470648371787,-3.4931433849907196
2001-07-18,-6.1809006083553975,-15.85336187852695,-14.21712668258238,-1.9871464273982713
2001-07-19,-8.487053633746289,-16.86712130465168,-15.42065678473265,-2.1748963851671443
2001-07-20,-9.062207403060654,-15.880273228580362,-14.354919196500198,-2.0770944406842986
2001-07-21,-8.474033539017476,-16.843458732756662,-14.451641493242164,-1.3608586655803323
2001-07-22,-9.46612269198871,-15.946729476768743,-13.098157502469478,-1.974066876369405
2001-07-23,-9.909794513980156,-16.286007106252857,-12.376940201510234,-2.375984348389193
2001-07-24,-8.721399740273077,-15.292928309982846,-12.257616939007512,-2.055559791763352
2001-07-25,-9.532518386225497,-15.398306289246651,-15.017432988841634,-2.4551242665835735
2001-07-26,-9.565051877438565,-16.575570983790634,-15.182147329767528,-2.938954140786689
2001-07-27,-9.724541840160494,-16.756074552513788,-12.769785422804599,-2.3967391463104724
2001-07-28,-9.31912713911019,-17.049460505605637,-11.873595985290958,-2.0170791225975386
2001-07-29,-10.00969403923804,-17.042733458473847,-9.822081177546588,-1.6539771453889394
2001-07-30,-10.360638004471182,-18.024050437031992,-11.025715283371687,-1.9596498636595638
2001-07-31,-9.195216182504081,-18.218328024856515,-11.16612708574341,-1.6290821224442984
2001-08-01,-8.382721133867468,-19.306037929093023,-12.198331483398661,-1.134598440972501
2001-08-02,-7.830551410714939,-18.593398607693178,-12.282748382663753,-2.691251068139125
2001-08-03,-6.5847132872920735,-19.35175676285939,-12.481194568243767,-2.514563970826485
2001-08-04,-6.611618014599375,-18.661245887040106,-13.265092096024183,-3.8787821244983136
2001-08-05,-7.265149239645236,-20.281280717827133,-14.404617059166073,-6.083358046695535
2001-08-06,-7.494817813542791,-19.868077811317896,-14.641066743968775,-5.74483642145415
2001-08-07,-6.694205173395477,-19.062672423307788,-14.061414810068243,-4.529392768292656
2001-08-08,-5.547892557234323,-17.83185933392202,-14.969122381822759,-4.964015520794682
2001-08-09,-5.283647005949281,-16.80957523452318,-13.834892643582062,-3.4177262174596708
2001-08-10,-6.150099916344404,-15.836635022563568,-15.269162554169613,-3.95210409640045
2001-08-11,-7.681606282818893,-13.48826636364339,-16.158511465001823,-2.7064465187813127
2001-08-12,-8.535382892427595,-13.377784558531634,-15.897158899070458,-1.9927282170337914
2001-08-13,-7.969238304212906,-12.992858021720238,-15.134438374915085,-0.8666638871121672
2001-08-14,-8.099398553465715,-14.602641709052385,-16.03868427342226,0.23549835393154916
2001-08-15,-8.199001339070392,-13.592508027103591,-16.769735636814755,-0.6362795433893005
2001-08-16,-5.729078656704091,-13.119345805925846,-17.1296774055393,0.42676574453795757
2001-08-17,-4.331682429018068,-13.151271409978207,-16.58748847669296,2.8656165407077
2001-08-18,-5.8999771316476775,-14.36181808724111,-17.320138471985985,3.378947178803413
2001-08-19,-5.1588579380451955,-14.027333612656214,-18.77471729778115,5.009669086906284
2001-08-20,-6.090397346153121,-13.328827754706996,-19.527461319293508,4.441604594996848
2001-08-21,-7.1737502993713385,-14.51585486790383,-18.970855921111614,4.44901322057187
2001-08-22,-6.979986279101746,-14.463178953581224,-17.51713722672127,4.1750159397551725
2001-08-23,-6.226530050206533,-14.822881006088382,-16.29698243806437,3.513350563402737
2001-08-24,-6.440254979282202,-16.468746964179896,-17.435936785453457,2.779278058961541
2001-08-25,-7.322119798277913,-16.16559312119793,-17.649288453156306,3.011468009953712
2001-08-26,-7.430236369266884,-17.441987640760317,-18.692913546854758,2.508711936422402
2001-08-27,-6.9786459813054185,-16.50041966151556,-19.982243104223574,1.1546553032718418
2001-08-28,-5.681215691698917,-16.25277505167532,-22.790618563675498,3.767457137613072
2001-08-29,-4.194219038885038,-15.223058825578896,-22.645488744742185,2.2672885034590755
2001-08-30,-3.9321237600234915,-16.34805016804684,-22.139530199853304,2.337216568539988
2001-08-31,-3.3523853404008843,-17.116137100773464,-21.494671428179704,-0.37660217882071345
2001-09-01,-2.6644442039380865,-14.809533938542234,-20.31957339675869,0.11647659080964656
2001-09-02,-3.3600189088985686,-13.752489134649348,-19.642469148225853,0.7607730398554109
2001-09-03,-3.878615828136538,-13.170980430436305,-19.825822169819002,2.5713978569477516
2001-09-04,-3.465051047475282,-11.468854230876083,-19.928831296638045,2.9821066251790604
2001-09-05,-3.107020921332428,-10.715732180399133,-20.13233384608027,4.258340362238469
2001-09-06,-2.5406391744490535,-11.27142712656801,-20.151275316147316,4.682165370198701
2001-09-07,-3.015053408727477,-12.042316728501033,-21.11670148247676,4.419524267362327
2001-09-08,-3.306029054970818,-12.390874621805807,-22.040797626546833,5.876827062002805
2001-09-09,-2.862440133233715,-13.404624122082584,-22.631972476685615,7.105806515940485
2001-09-10,-1.9419565254627527,-14.582555123190094,-21.89311358847885,8.980594566334217
2001-09-11,-1.4573404176900524,-13.907521347087137,-22.693250838968023,7.744140030372425
2001-09-12,-1.3392677435948828,-14.410318241150234,-22.739826261416297,8.508644444227295
2001-09-13,-0.9395395805783266,-14.312582968701367,-21.437299695714817,8.035836067038792
2001-09-14,0.5422378792662006,-13.438372287332177,-19.327751291406976,6.680428126921309
2001-09-15,-1.2021490911167434,-12.77761529243977,-19.33489787579004,6.17782266842687
2001-09-16,-0.2058316174301692,-13.103352247056703,-22.228818171294765,4.86130507029413
2001-09-17,-0.9781734093029559,-11.790278463254996,-22.691227286906816,5.839490615921676
2001-09-18,-1.0044445848201828,-11.373582090888634,-24.578826521843755,7.61303575582968
2001-09-19,-3.5885488097207583,-11.791889999503274,-24.740993382467586,9.55453432860345
2001-09-20,-2.234520796628002,-13.086769852403231,-23.701321435275364,9.406672938599607
2001-09-21,-3.1421072639950856,-12.75524817328271,-25.07145767770647,8.059870638783384
2001-09-22,-1.442777181160359,-12.58450680005456,-25.850778312744833,9.250046870455042
2001-09-23,-1.4915659624579256,-13.060471034620857,-25.533651554492018,7.157815683661229
2001-09-24,-1.0392158005749907,-12.962829872550845,-26.131957964093342,9.178088022776471
2001-09-25,-0.5094203065371963,-10.921778950941157,-24.82203630077216,9.302127234872716
2001-09-26,0.2219687780235986,-11.584958463271159,-24.509960227578798,9.289792582864703
2001-09-27,-0.7832149401832764,-12.018991580924666,-23.95249926735341,8.636895511625681
2001-09-28,-2.992615269409467,-11.842223575839613,-24.422248517577827,8.373181873965756
2001-09-29,-4.463649074244326,-9.599013334137357,-22.60517389688963,11.417553398282234
2001-09-30,-4.311979437866361,-9.71589467024109,-23.32120183901209,10.695745973947597
2001-10-01,-5.543480728251482,-8.349792800462415,-22.510622694177467,11.37276304902799
2001-10-02,-4.649328642715062,-7.374326061332451,-24.59347513160688,10.440946436757029
2001-10-03,-3.0982027605535354,-6.861258180974977,-25.468469256678546,9.222603637178063
2001-10-04,-1.5233257231951596,-6.242229051804939,-25.908531864831904,8.291375502828407
2001-10-05,-0.5699810497020197,-4.9835834811280115,-26.050162628352094,9.04953347760095
2001-10-06,0.10489378435601704,-4.403012310326436,-24.53128528460974,8.755877182200729
2001-10-07,1.9827842022738826,-3.973760837132169,-24.242062710611176,7.991477750779586
2001-10-08,1.1762597846693823,-6.04804192137596,-23.48922689714153,6.951269437211874
2001-10-09,0.2778386296179306,-6.4734858522813905,-23.60474909038865,8.455989848753276
2001-10-10,0.2498729236024272,-6.6154836643216255,-24.08695514965117,7.171323397360867
2001-10-11,-0.02908880390637064,-6.000021986212264,-24.74788810983367,7.16788223318227
2001-10-12,-0.4738104604294987,-6.766151513325083,-24.908845037574928,6.9899244261735936
2001-10-13,-2.047038616798413,-6.657277789607232,-25.184634108830913,6.968734082375056
2001-10-14,-2.339818223746627,-6.548613002194422,-23.91317755262457,7.144646897884785
2001-10-15,-1.9676137518115016,-6.007691100726269,-25.27237746483909,7.441457067749056
2001-10-16,-2.167759122614724,-5.292548084325029,-24.48694061571095,7.008607923747845
2001-10-17,-4.0526062831594265,-5.78893090569931,-25.04149007204099,7.304509229612208
2001-10-18,-3.345442387796943,-6.17974904165056,-23.31049034955605,9.006869139275219
2001-10-19,-5.304392878034893,-5.703251570354225,-23.353234999052678,8.881312868105725
2001-10-20,-5.85263020711403,-5.384788179753455,-22.00397175416344,7.951512012239778
2001-10-21,-5.739221714906672,-6.209493227500832,-22.17021601529424,9.96622743454491
2001-10-22,-5.240503705565633,-5.539333527282363,-22.219717267887525,9.959324125437362
2001-10-23,-4.236671438074726,-5.387449184133747,-22.562788115414318,9.457982965641124
2001-10-24,-3.543018592567681,-5.76765084610358,-20.673576540813865,9.901381842892725
2001-10-25,-3.3625994334367273,-5.945888475885387,-21.464514044316683,8.82526602611195
2001-10-26,-4.365679078500547,-4.85043339072027,-21.18925164951891,9.445135613542021
2001-10-27,-3.856326485167709,-4.197146844776388,-20.72469164310511,11.867196692102677
2001-10-28,-3.3278485567802685,-2.700046410603008,-18.916298601760502,10.656978124189108
2001-10-29,-5.258499858182034,-3.471388270948549,-20.504357834798455,11.900700790108708
2001-10-30,-3.8392592056528922,-4.5435436167968595,-21.84336009144759,11.817295813706085
2001-10-31,-2.942102444749643,-3.868564803607805,-21.279672479066328,12.39407073906358
2001-11-01,-1.7349553553272743,-4.333244949730575,-21.7304077449959,14.29255758247671
2001-11-02,-1.436269292501339,-4.362669001906068,-22.49994870171171,12.194361194279065
2001-11-03,-0.1331643424345368,-4.415548923403697,-24.17991710486062,13.370456108978114
2001-11-04,-1.0698411311679998,-6.198599710137115,-25.252453154623,12.570324193111995
2001-11-05,-0.8417543540411377,-6.251958377115927,-25.86561794052728,13.351274022472134
2001-11-06,0.06687840471139084,-5.836053729093488,-26.88708929390743,15.241797401820433
2001-11-07,-0.4445359794461142,-6.881707331941763,-28.780247379960795,13.801700123754246
2001-11-08,1.1821020702615983,-7.181090814099285,-28.743336702019455,13.564432027110762
2001-11-09,0.8230570661172636,-8.422081575583404,-27.708452011921104,11.307306123706088
2001-11-10,0.3789796144064324,-8.279327947068275,-28.81838593003137,11.588470959067198
2001-11-11,1.3978905907174215,-6.108605903649509,-30.439399282572204,10.399254503889171
2001-11-12,1.2392996549632451,-5.028172994770761,-29.508318231895604,10.55826523896029
2001-11-13,1.4398710715299976,-5.127162555212525,-29.148368234653013,10.948567894622304
2001-11-14,-0.45485472634485746,-4.230148642130898,-27.536429182174977,11.709535443217362
2001-11-15,0.4387772533107771,-6.45044311126267,-27.541599784689062,12.874056516454877
2001-11-16,1.0091898618217898,-4.816875405724167,-27.014859440066623,13.636160175363411
2001-11-17,1.404156419793549,-3.74222392534075,-26.585128416072997,14.810234000899294
2001-11-18,1.5156080032687755,-1.573816051996809,-26.413192532162043,16.469223854318788
2001-11-19,0.8379448413642065,-0.6344349186932002,-27.03224806722343,17.99353414907473
2001-11-20,-0.07081686098733142,0.7374560233808088,-28.252201816167016,15.954822160037725
2001-11-21,-0.5683342423323547,-0.7024881735226322,-27.70708345575409,16.73602546630841
2001-11-22,-1.114287846015222,0.972113509727223,-27.208962838865087,16.718744543140396
2001-11-23,-1.603455358158063,1.8887813436305705,-27.697620068628872,15.932452377653458
2001-11-24,-0.7410169118156804,1.4390350848178346,-27.66942211312224,15.109031653354222
2001-11-25,-1.3384276173555292,2.0302642059978155,-27.92940252126441,14.84914677102436
2001-11-26,-1.7119530605982904,0.0848601101936195,-29.370028152509114,16.274750163954966
2001-11-27,-0.3840746976466587,0.8712203586494405,-28.036877654891562,16.35458581257927
2001-11-28,-1.1156208218125108,0.6419444565260023,-29.485317057836838,15.970050309536978
2001-11-29,-2.7640124246342817,0.6032687160143154,-28.25472024865567,14.336188672181507
2001-11-30,-2.0459212224644308,1.3403113244409017,-26.961299478101036,13.46805196411314
2001-12-01,-2.4187866379207725,2.2854117704401893,-26.821263188382844,13.485823294157667
2001-12-02,-3.231231205182051,2.4344233292224984,-27.08521749360467,14.278968385160606
2001-12-03,-2.9393536992334113,5.04507302580431,-28.11525095636958,14.290785943305245
2001-12-04,-3.6008586368350133,5.247163050257824,-28.098915258713035,14.987066133115983
2001-12-05,-3.9399678434183767,5.475435563095521,-27.215578244138825,13.918499406350348
2001-12-06,-5.115512467879648,5.951841660831356,-28.085336367992706,14.46508534010562
2001-12-07,-6.378317506850372,5.876418096917677,-29.87929130812431,13.360890819674893
2001-12-08,-6.6473380890967455,6.4989757839864755,-29.90528322538627,11.251658662481706
2001-12-09,-7.943513465136073,6.134799630536885,-29.336115273007426,9.358936355915255
2001-12-10,-9.07499041572123,6.385708305806403,-27.55084419755733,7.814526752575809
2001-12-11,-7.5674213768077045,6.940697694895283,-27.53488645048158,7.708806577790659
2001-12-12,-7.270486667089903,5.900154803157189,-26.97746304218381,8.150666261277394
2001-12-13,-7.543770691257726,6.074839170198365,-29.798128342128543,8.45234191178017
2001-12-14,-6.444305468436242,7.913925145472691,-30.037918006919238,9.667111525017777
2001-12-15,-7.787703993937977,8.979064582419063,-30.644243647430365,9.779718124590298
2001-12-16,-6.841550136803717,8.63758677620738,-31.52675489885258,10.687283499682284
2001-12-17,-6.383252367368256,6.8559896459258125,-31.089512087384616,10.327774929465848
2001-12-18,-6.532689475572331,5.568307492477076,-31.380972259239538,10.150699518304194
2001-12-19,-7.0830077924950325,4.5111039817435366,-32.22279298758464,10.473543192448806
2001-12-20,-6.705734623140516,5.3995252500368665,-33.33065575869618,10.245179703577183
2001-12-21,-7.413668963330468,4.7141836896951865,-35.61939077711923,9.194316088470025
2001-12-22,-8.837543173789653,5.521400153555309,-35.00657592231621,11.794866231747188
2001-12-23,-9.293560588381494,5.169441599335302,-35.41196435095018,11.521955447080146
2001-12-24,-7.55497577228647,4.984623035859495,-35.141011787156216,11.213228804565873
2001-12-25,-7.553091522403786,4.387001252453415,-34.60341460665317,11.204425791067116
2001-12-26,-8.221756150076171,4.8224680388143994,-36.49793471047204,11.727012010336523
2001-12-27,-8.240706888902757,5.82045770545903,-35.08986755745972,11.894787828970234
2001-12-28,-8.410244109866206,5.463093177561426,-34.56708808072818,14.459451580714669
2001-12-29,-8.517901408225075,4.72483926521094,-33.94742205706161,14.810632592974427
2001-12-30,-8.145255043752403,4.8335229762167735,-31.396518994576876,13.77937005902522
2001-12-31,-9.843763230178675,4.750249685027973,-32.29583205946219,12.54993091356613
2002-01-01,-10.242091980433868,4.596028714121161,-31.562131211097437,13.117040262400549
2002-01-02,-10.162455131351068,2.931538827604413,-31.012424912910834,12.125464005304238
2002-01-03,-10.422205106514458,4.450421120216202,-29.70612756941114,10.955002097340003
2002-01-04,-10.089789358528712,3.7823700631732335,-29.660217979981006,9.835145734335791
2002-01-05,-10.974894052853287,2.6893099836511394,-30.230709615178384,10.489007547732767
2002-01-06,-9.276674595767485,1.7823133697841014,-32.15905400805834,12.045282857415822
2002-01-07,-9.673815608148102,1.903868088305174,-30.354263018469567,11.392326476832103
2002-01-08,-10.094288230276096,2.901437229470564,-30.294341384071885,11.3647446053421
2002-01-09,-10.850212417864903,3.6792677312874664,-29.468448549982167,10.792636241326036
2002-01-10,-11.58420420960616,4.346601101765001,-30.0972849577824,11.124167106390878
2002-01-11,-12.197642915321927,4.50170178197002,-29.27233407248727,11.559965726032681
2002-01-12,-12.522460326010599,3.4529720704348836,-29.261378251508127,10.70045578443209
2002-01-13,-14.194721648094717,3.3041110422872255,-30.010817054654932,12.191881195915208
2002-01-14,-13.275901878782093,5.243516823418883,-30.122621939284638,12.096429045437347
2002-01-15,-14.973065969173742,4.902941859754457,-30.719576470681588,13.324657489584549
2002-01-16,-14.063061859283716,4.955032760512062,-31.641110795713647,12.985955296520943
2002-01-17,-13.484429247273791,5.323568107304425,-31.86341463545446,15.250482131967315
2002-01-18,-14.208899348805105,5.536401087223021,-32.89280572983579,15.602929102487613
2002-01-19,-13.554991321154628,7.719534670724016,-33.866142311528314,16.8363646343548
2002-01-20,-13.941945289323053,8.467098351048596,-33.00230014648094,17.804891450194198
2002-01-21,-14.26207611630288,10.169436668811057,-32.95790632629768,17.38814993255494
2002-01-22,-12.853549001512881,10.78007809180207,-32.43761808560735,16.811136607536415
2002-01-23,-12.20435408098086,10.647691917893988,-30.953302348223897,16.96766081704247
2002-01-24,-12.013964640992645,8.30970849211035,-28.761820206629622,15.891732479695394
2002-01-25,-12.51576966938459,6.429475553961042,-29.317476125077228,16.61944393579878
2002-01-26,-12.2696418633314,4.043277700929871,-29.225382692291344,15.453804403405755
2002-01-27,-11.44248152575313,4.424925098150297,-29.190363639866856,15.039168989194255
2002-01-28,-12.075742264502752,4.261337090804491,-30.537014322429428,15.021366334799032
2002-01-29,-12.375972012504421,6.38359329493899,-29.48432816082541,14.856399306212744
2002-01-30,-11.71439220996545,5.807831563532894,-31.01823384528085,14.211691572315472
2002-01-31,-10.26420818759614,7.181975733152699,-31.568954589320317,13.577416188609153
2002-02-01,-9.98436110077464,8.514583159550424,-31.55346081848258,13.385059119883396
2002-02-02,-8.962603975976785,7.181738794437189,-31.070512978899167,12.374265696048123
2002-02-03,-11.150024132529103,7.394296376845076,-28.96970928229034,13.438281367425178
2002-02-04,-9.966415714378417,7.823064784716934,-29.71411131139216,13.90063322326858
2002-02-05,-11.624697246778567,7.48323233051904,-28.802811516295264,14.52786936424158
2002-02-06,-12.286129427301333,7.0346936947642815,-30.240902676042204,13.810427480957465
2002-02-07,-14.140408927293619,6.464770219150806,-31.216207762140048,14.816711584050656
2002-02-08,-14.36982527393403,4.875497742490426,-30.137641761393866,15.48681422973479
2002-02-09,-13.124175384326778,5.552253435488961,-28.4229623493289,14.638714224955114
2002-02-10,-11.984026034364339,5.03915919852229,-28.89728899411607,16.065453638303907
2002-02-11,-12.256301232307004,4.993612791772844,-28.871070698555044,17.9908342005426
2002-02-12,-11.61705634881428,6.899643715370096,-27.426281274797766,18.75386045644912
2002-02-13,-12.515486906796756,6.2597828961143325,-27.206211177380137,17.585680338243627
2002-02-14,-13.133588071658917,7.091227210691665,-27.545417077959055,17.981907124636784
2002-02-15,-13.818822576210783,7.769622908170899,-26.94632579646314,18.76382666065598
2002-02-16,-15.245540606362407,8.710995705577478,-26.446104523784044,19.755798716529444
2002-02-17,-14.307161476463866,9.188892478888253,-25.1502376510356,21.99540038206319
2002-02-18,-15.550052916385097,9.966527912158256,-25.354910101954538,22.074565034435434
2002-02-19,-14.349699455325188,10.768758484108734,-25.84125393198251,22.839931406561472
2002-02-20,-15.19858929911828,10.142887379580236,-26.52834465474957,23.045305963397144
2002-02-21,-14.931394441820181,11.586732709803993,-25.109947401219635,22.546537734117546
2002-02-22,-14.751143795791583,13.098627615796572,-24.255291645870244,22.621837059756768
2002-02-23,-15.094688841753154,13.547631020557107,-23.242826973370345,22.227893222628342
2002-02-24,-16.300852474502108,13.470601563402203,-22.919387776598715,21.685322716954904
2002-02-25,-16.387690570674188,12.690077806462922,-22.350925514787107,21.33017094298334
2002-02-26,-17.253729480483702,13.334966280995994,-22.418882371805353,21.408472563337124
2002-02-27,-18.029190815721556,14.677937658915322,-22.849527516912303,21.483525884521026
2002-02-28,-18.142978585029855,14.96778911485819,-22.264353765175002,22.571585170404422
2002-03-01,-19.146978319091108,16.487697821019545,-21.777611492511497,21.394432860928237
2002-03-02,-19.159515655407496,17.084134048040884,-20.631811442091873,21.76178749015895
2002-03-03,-19.204894820225483,16.260366985177118,-21.857622053023032,20.46178348292028
2002-03-04,-21.041667075243037,15.990199544231368,-21.26067823058205,19.47035417096253
2002-03-05,-21.353162754161254,16.353072756976225,-21.099580225108127,18.25395928266507
2002-03-06,-21.215771508674536,17.149021364535443,-19.05328872407471,17.533460460173455
2002-03-07,-19.740283877069576,16.005842739994012,-18.608015172554836,18.91851616306388
2002-03-08,-19.852987095083645,18.01645231269799,-17.44339725905116,17.823184831183664
2002-03-09,-19.31915991828983,18.681859543126517,-17.569720115053183,18.177315340881155
2002-03-10,-19.84602856821523,18.611512755142538,-16.45765588261508,19.837045729790663
2002-03-11,-19.924593242722914,18.39664462121596,-15.702852665869411,20.57852730272412
2002-03-12,-21.876119339856167,16.974978263336595,-13.676844812823239,19.50834631347463
2002-03-13,-22.31408136796069,16.231265751699762,-12.505444218092912,19.473431292178596
2002-03-14,-22.382249933577548,16.866588233005075,-13.458319608514037,19.30956499358939
2002-03-15,-22.418292562450475,19.248749136067723,-12.208443943131613,17.934524397109847
2002-03-16,-21.229773130606308,18.30794307551803,-12.522438587831807,17.442841329335735
2002-03-17,-18.44512985342721,19.148591723668154,-10.647304667102357,18.377611772310747
2002-03-18,-19.032440738474797,18.35748071277533,-11.10858443121161,18.044708145282275
2002-03-19,-17.214527033547803,17.164740129861983,-11.515966774975437,16.06613957885825
2002-03-20,-16.676965036612533,17.78870158717029,-10.035278441798136,15.635182224378424
2002-03-21,-14.689369899973688,17.294662096095934,-10.545502587918312,14.201896547213076
2002-03-22,-15.15751858369943,15.495703749225072,-11.123375640776779,12.872210783805468
2002-03-23,-14.812225190457442,15.416947903962292,-10.692852429777792,12.502656864359775
2002-03-24,-15.730905799832769,16.15388387863545,-13.005848977410032,10.636416182026935
2002-03-25,-15.860373371069771,16.244379849813157,-12.912272940252528,12.456282019906041
2002-03-26,-15.304944013746885,16.55004924369425,-13.304171584274407,12.38622653506385
2002-03-27,-16.206226696657314,15.621958656889372,-12.891842030139182,10.367591117133653
2002-03-28,-15.457603366222294,17.508235188089184,-11.884360129991505,9.31932710181042
2002-03-29,-16.84991752394008,16.501326890176777,-11.65558591906471,9.198019938270955
2002-03-30,-16.940669249266243,17.2066591909884,-12.443084521952125,8.984968974104351
2002-03-31,-17.06533270379272,17.105315231012018,-13.569050298653686,8.776149013857173
2002-04-01,-17.00171787743641,17.104600389210283,-12.898158370878408,8.395416700824047
2002-04-02,-16.146905998324293,15.535978346689488,-12.715195274465948,7.771434212904192
2002-04-03,-16.30179221167779,16.608656454347724,-13.615021585736967,4.585910653252645
2002-04-04,-16.827679857554948,17.490623215878653,-12.430352007292981,5.89690808313271
2002-04-05,-16.04839802753125,15.714636952729125,-12.693914522496339,7.201537833998721
2002-04-06,-16.832131027200486,14.47185110783741,-13.848693804890681,8.42087827145757
2002-04-07,-16.49818970770033,12.811307134735209,-14.306006308272554,8.53019262081267
2002-04-08,-16.790279243500674,12.37038136899868,-14.511515884034992,9.262231134029546
2002-04-09,-17.250412112086263,11.22484580850599,-14.505707853086816,9.713347015932202
2002-04-10,-18.22511269438029,10.252372757944588,-14.534448473042211,8.686854579376302
2002-04-11,-18.279349458093975,10.984446507997312,-14.186713598311922,5.8644105307830685
2002-04-12,-17.649149299143083,9.941870919493992,-17.746236742003067,7.661061478877664
2002-04-13,-17.709752476225965,8.784587406393767,-18.629741997766356,9.075720709774258
2002-04-14,-17.035698008248303,8.580892834838167,-17.172565449035606,9.824912886752582
2002-04-15,-17.910843281438524,9.563021631216971,-18.989079997064714,9.075708110725087
2002-04-16,-18.777518651550697,9.45743568551321,-19.334468642620504,9.89584739544944
2002-04-17,-20.67292207372562,7.886633991110939,-19.881134257963122,10.196700495463539
2002-04-18,-19.549498843932835,7.911831149393623,-19.085464385916712,10.098238889324355
2002-04-19,-20.14926363904686,9.00122288171848,-18.362306935166238,10.891601259211361
2002-04-20,-20.26493611279547,7.75665132248816,-19.884978910913937,11.712041215107144
2002-04-21,-20.87828993509582,9.198140415562353,-20.277213387246565,11.897002957435664
2002-04-22,-21.583842244856765,7.645786437361301,-20.22523441457978,11.781701138087755
2002-04-23,-22.266723720013523,7.772156288419367,-19.63374956249861,11.73925155799318
2002-04-24,-22.985161249093355,7.148322545523493,-19.887249966032243,12.496806652307052
2002-04-25,-22.309101914613183,7.175459268910204,-20.187222272291525,12.697099023250757
2002-04-26,-22.704438273590267,7.650783702534647,-20.00847851967729,12.318693461645545
2002-04-27,-23.41882194108858,7.7676115423116725,-19.96714001153664,12.706742308758065
2002-04-28,-24.7984334436501,6.896197226374843,-19.81833262421284,13.64010624039223
2002-04-29,-24.678610369049327,5.571459522648549,-20.71041294204478,12.392822723468809
2002-04-30,-24.284481434818908,7.666420649465747,-19.519080610784574,11.040176343697349
2002-05-01,-26.572069642250746,9.08780738679214,-19.22150070893623,11.827224119663985
2002-05-02,-28.74713590490043,10.436654096765615,-19.08964764126202,10.922583678333165
2002-05-03,-28.73011144346908,10.907363250973338,-20.948952919711477,11.441615404598886
2002-05-04,-28.44687918699085,9.011447310890556,-20.309738193808645,11.403331914260367
2002-05-05,-28.433461402103426,8.552886729946835,-20.6042688921253,8.973195751604544
2002-05-06,-28.842681075701424,9.336158335612097,-20.54439902561069,7.417392627923716
2002-05-07,-26.96036891654279,9.974630032297346,-20.8327467249692,6.659493225896916
2002-05-08,-29.747010511477267,9.456938945309084,-20.321098115220682,7.2421254889589415
2002-05-09,-29.606714837438844,7.329726437025649,-20.34413794456913,6.383548619563397
2002-05-10,-30.4233932529941,6.180852357667214,-20.990024358858125,5.876936514719184
2002-05-11,-30.54953512069415,7.462653321773759,-20.046393349883424,5.099676628163713
2002-05-12,-31.631583421514517,6.400573382138067,-18.668492127417846,5.369256794901004
2002-05-13,-32.16542848007151,6.437094155425802,-17.64803649356201,3.715499608475549
2002-05-14,-32.308537294298155,6.203592226526865,-19.416755610208302,5.104199037479657
2002-05-15,-31.174573835229804,4.414596484242222,-20.242735501930465,5.666428571278123
2002-05-16,-30.557670232116887,6.308706702621541,-21.135184943437064,4.092876122908397
2002-05-17,-27.45121824529833,5.838236331086297,-20.096485272027266,3.871297065000088
2002-05-18,-26.79334135615622,5.834986029634712,-19.95649965248122,4.288808654854031
2002-05-19,-26.290950238880562,6.302871319169447,-19.039261120448707,5.006892115532865
2002-05-20,-24.752801508399205,4.30202047255012,-20.124928256263942,6.79518985823021
2002-05-21,-24.260702163091157,4.0359093186398285,-18.65245458687333,7.261778536933777
2002-05-22,-24.635401295657015,4.234613615077457,-19.573453619322077,7.426750333559241
2002-05-23,-23.439991946411748,5.120852851727317,-19.749612173693446,8.22311439187551
2002-05-24,-22.354077195067855,3.4083144165842976,-19.264378257030653,8.371906366599468
2002-05-25,-21.085658878551865,3.714668661245341,-18.034031516204806,8.704085909984695
2002-05-26,-20.64117336830691,4.144235953521014,-18.455915079276924,9.488085090403185
2002-05-27,-20.33141522897544,3.8736807991129187,-18.790304110301083,8.484156334637847
2002-05-28,-20.38439868274635,3.685828047994578,-20.60021145569721,8.916778056301833
2002-05-29,-21.405813369265772,4.238711023233273,-22.218350651625855,8.791566064088292
2002-05-30,-21.670499921384074,4.141563149400914,-20.40840422342657,9.733646439028426
2002-05-31,-19.61114008890179,4.504512970359347,-22.032390174180314,10.478711518939635
2002-06-01,-18.74495938141582,3.1014602420966755,-20.961357110609026,11.120369404459387
2002-06-02,-19.535488927368277,3.3444436764966055,-20.84583016670361,12.129291854243089
2002-06-03,-20.522602674130297,2.222810007399686,-21.64009675876736,11.05944368277554
2002-06-04,-18.09897148857281,2.964681522137072,-20.912183384694565,10.050789324062103
2002-06-05,-17.669169910703076,1.127787902594467,-21.623500538036655,11.197089709812861
2002-06-06,-19.200739283817267,0.8373407531135841,-21.866522618048652,11.737768008760273
2002-06-07,-18.326426034815952,1.8682749913721135,-20.731477493680497,11.189063200918953
2002-06-08,-18.412125522146628,1.335296380606659,-20.06760428203726,11.471820266169226
2002-06-09,-17.703492346336013,0.44704016606422436,-19.877657796883746,10.174012579019394
2002-06-10,-15.936598225382625,1.2796328753122883,-18.54160999582204,9.235200692214422
2002-06-11,-15.27328890338213,1.299514348151298,-18.630230860208986,8.469412436035181
2002-06-12,-14.271118892261422,1.5059230673564954,-19.650390021985,7.143630093046283
2002-06-13,-14.0795543821085,2.304855065141502,-19.644736825990645,6.612487171259871
2002-06-14,-12.820807772479696,2.6756002737512765,-18.87782705928602,7.955404467328448
2002-06-15,-13.701014242099914,4.280410184136867,-17.687155193372156,7.8012886502598615
2002-06-16,-13.767854113733222,4.4216408204908975,-18.854296606390136,6.062328981403619
2002-06-17,-13.29052242198769,5.469870328942843,-20.132189886675487,7.199997468522869
2002-06-18,-15.770990478893314,6.478541983083354,-19.172429173150693,6.370089856725461
2002-06-19,-15.387397091375503,5.443499242856663,-19.11793507080673,7.222831009328894
2002-06-20,-13.599932141342371,4.8690641516049205,-19.068760123281223,7.913048005466543
2002-06-21,-13.076642152046924,5.330099655494375,-18.797406948932938,8.820713208537452
2002-06-22,-14.692189807797389,7.010867658154111,-20.103041256440775,9.270907098298446
2002-06-23,-14.564051338805026,6.849335793879893,-21.405560754115,10.168171203551177
2002-06-24,-14.867808998244868,8.235672308065624,-22.170771081745347,10.632007354772073
2002-06-25,-13.716047234490091,6.963844470652106,-21.18019168048219,9.798638421507142
2002-06-26,-14.617941134284447,6.993488853700537,-22.14743640309113,8.340909028474579
2002-06-27,-14.285864349153352,7.015342730824595,-21.39559408706171,7.004705469797752
2002-06-28,-13.60414955574766,7.514859063946618,-22.736448545825176,8.055329266704973
2002-06-29,-13.328660824710912,8.07092875699092,-22.452815377925734,7.94699301466139
2002-06-30,-13.441518190824844,9.519590941559024,-21.653641723817852,8.48499781727366
2002-07-01,-13.86527558404598,10.350651744418899,-22.394873925918287,8.171770289969919
2002-07-02,-15.693472359147165,8.896331175031586,-22.955806095969898,8.729218624074543
2002-07-03,-15.064536231146521,8.505170837839833,-21.97260703186675,10.153335031511897
2002-07-04,-14.600593554806721,7.7043531826225555,-20.905562731386166,9.567874838267326
2002-07-05,-14.31377147870365,6.7771216904120335,-21.340753747588327,10.209446810200658
2002-07-06,-15.395691820307833,5.827913812726133,-23.18042225420272,10.5158137873484
2002-07-07,-14.577691503596034,6.461942513497455,-23.569062934031862,11.564129821778401
2002-07-08,-14.736469933838922,5.840397792448566,-23.414022735800568,11.142337041664252
2002-07-09,-15.582664978374728,4.139966220096688,-22.855750175581758,12.39739807759837
2002-07-10,-14.141868961398837,3.850945184530439,-25.422355805390865,12.100102721421491
2002-07-11,-15.03517563964747,4.304618615347896,-26.29011033358904,13.398062967767363
2002-07-12,-15.254008182895715,4.791119817565051,-24.92915559193722,12.975565083734857
2002-07-13,-16.040697570769602,5.543484046070871,-26.090175249282318,13.987672770963332
2002-07-14,-17.56915015130191,4.191667126820999,-28.72599239107787,13.406080208717873
2002-07-15,-18.744558028835893,3.8081898911799397,-28.47182959126661,13.323847488263024
2002-07-16,-19.87880336186285,3.418461552374679,-27.920302052911907,14.058424558097322
2002-07-17,-20.028611247414737,2.4258199999266825,-30.846369760078833,14.65723124472631
2002-07-18,-19.70633773677558,2.0225224359537375,-30.779487934689882,15.712099151026662
2002-07-19,-19.568321330318376,1.677837800571134,-31.78265602097383,15.158651684626445
2002-07-20,-19.949477865812383,1.5021888112902768,-32.03857182467669,14.284840853373717
2002-07-21,-20.06274731203716,2.181555222134649,-32.44214328053381,14.845252623169024
2002-07-22,-19.15774666625785,0.40395121766085773,-33.330198264690026,14.58507956912932
2002-07-23,-18.980551529947427,0.21567245183072825,-33.01184362429745,16.13801025956614
2002-07-24,-17.875677370967505,1.5870717140448483,-32.50730957470241,15.884076950527888
2002-07-25,-20.035981097157666,1.1244868120001086,-31.572397290692486,16.23162484700768
2002-07-26,-21.185086294475283,-0.8001519275055766,-30.327681308955228,16.782219836739056
2002-07-27,-20.113582282775006,-0.3346010780717095,-31.131485110513886,15.5470196836308
2002-07-28,-21.186709529768038,-1.2885915563132768,-30.99445504330909,14.784439797646087
2002-07-29,-21.608849012055693,-1.1872589889497154,-31.038705705679064,14.531772888934752
2002-07-30,-19.9512818137613,-1.1112264504490188,-31.306503476326885,15.219831121519608
2002-07-31,-20.52022796799606,-0.5994383714961188,-29.86431563405225,13.109802183193189
2002-08-01,-20.65492863035297,0.6853070229795558,-28.53817587089184,13.368304684667487
2002-08-02,-20.39863616145957,-0.34991865167305514,-29.82751567545963,13.271327283867693
2002-08-03,-19.880524145790346,-1.4543458510036258,-29.43106076240016,15.062420188331679
2002-08-04,-21.917828510424744,0.10328997494018366,-30.78147623424483,14.803883943885328
2002-08-05,-21.896203804010003,-0.47029438289523584,-29.807371116681637,16.01697826850123
2002-08-06,-22.768929920823478,-1.4812631942190841,-29.51667087243242,15.130174111247475
2002-08-07,-23.14286546284756,-1.9183474166798977,-27.702480147086234,13.63628715200447
2002-08-08,-23.15519595439018,-2.3698965937575807,-26.217659096236844,13.763050905099952
2002-08-09,-22.57927597212491,-3.2679262692491893,-25.91112308031526,12.619455767348354
2002-08-10,-23.37955178226234,-2.524513998354612,-27.063714269544015,13.200053303831362
2002-08-11,-24.460178131387845,-2.573087485518731,-25.25107702615374,13.414496270366618
2002-08-12,-22.866930463201363,-2.0389302216528202,-24.35013385042658,15.211779157416718
2002-08-13,-21.536814625281213,-2.9894894836530073,-24.31448490219554,16.895069877888993
2002-08-14,-21.8807545001515,-2.807956305574194,-24.573182702859096,17.33704867613904
2002-08-15,-21.273410756260752,-1.1671743458558763,-24.96000174544585,17.849952305509998
2002-08-16,-21.384295117885223,-1.608349460307943,-25.24598406362097,18.983499753819373
2002-08-17,-21.88285574183143,-0.5418567533348257,-25.07276204950831,18.605288128229883
2002-08-18,-22.501186953803657,-0.7099615682330992,-26.104604646707514,17.879483561233062
2002-08-19,-21.5699434482169,-1.2715792189393837,-25.541129966127993,17.025160157882418
2002-08-20,-20.926032317878796,-1.1275824320292578,-26.867177430711276,16.26892971417342
2002-08-21,-21.45524710949296,-2.1598373951372825,-27.839417702196744,15.3453260680176
2002-08-22,-22.02958197995929,-1.4618475822932955,-28.59525913399233,13.184307347175459
2002-08-23,-22.818339763275766,-0.6186168965974329,-30.732534246390323,11.069865160712457
2002-08-24,-24.033191951825643,-1.075041932937218,-32.896117455986214,10.209695461908192
2002-08-25,-24.322948112475142,-2.894374381255846,-32.925544534506635,9.008181605643006
2002-08-26,-23.755133084816563,-2.814931060429868,-32.43451378100765,7.632596171038831
2002-08-27,-23.422284379576407,-3.9949234285916413,-33.95010817476232,7.594153161652458
2002-08-28,-23.17892176255168,-2.5461559149179713,-34.92859431314653,6.945335904478103
2002-08-29,-23.79820457644561,-2.4086279219103357,-35.221874404367966,6.911530168482045
2002-08-30,-25.94954948253136,-1.811345845450466,-35.21196671845266,5.1382010953967026
2002-08-31,-26.007378902412302,-1.222202807327172,-37.4507237812217,5.981714092152263
2002-09-01,-24.880343410253772,-2.4052243684343075,-36.09953124463812,8.213598014262343
2002-09-02,-24.566575868713706,-3.301252195105719,-36.57895592954936,6.607321585093755
2002-09-03,-25.15187118621121,-2.289140859236405,-37.490429550196616,5.031950322168299
2002-09-04,-25.55502579452135,-3.356071284705033,-36.98448670454486,7.598117058516849
2002-09-05,-26.826655246986,-4.931664860797144,-36.51692019306347,5.900161028168483
2002-09-06,-26.93904449333385,-5.043930411945605,-36.44794193925018,6.646586633353332
2002-09-07,-24.64962049986585,-5.629300816970546,-37.2085492390653,8.190717863534458
2002-09-08,-22.488431872905167,-5.80401211516966,-38.60594659527477,7.869280577891572
2002-09-09,-23.408890785998725,-6.001950670370416,-38.24848578137731,7.466078231658932
2002-09-10,-24.647845211320146,-3.481396652557551,-39.442008792102094,6.861792884277946
2002-09-11,-23.395953654538353,-4.4355721041250336,-40.65262568968362,6.191239144578712
2002-09-12,-22.884246618967676,-4.510255214998347,-38.42014331413736,6.9458187911881755
2002-09-13,-24.589881679860092,-4.895868047619879,-40.330304958074166,7.172416297837012
2002-09-14,-23.703178657748296,-3.9944689186851,-40.126057736932964,7.613845974347928
2002-09-15,-22.074523846916872,-3.4448921250965374,-40.77245083818003,6.394276191327858
2002-09-16,-21.701731274689642,-2.76059285511178,-41.01746263766251,5.479492533587192
2002-09-17,-21.145147827723772,-1.3108083581853158,-41.08577265582394,6.4217857507194
2002-09-18,-22.422053087601693,-2.5452483720619443,-42.01178386384101,7.847119982509461
2002-09-19,-22.32022481154752,-2.1637930185139966,-42.150252205346746,6.0731688772038055
2002-09-20,-21.69022792035627,-3.062996190657039,-42.5834806131253,6.159483874221182
2002-09-21,-20.239606020116593,-3.0578252126813106,-41.33993781248886,6.758508857870124
2002-09-22,-19.65388593913561,-1.5608229600979329,-41.35128322250712,5.815581078461297
2002-09-23,-20.56906664866731,-2.6786932909841257,-41.56154791694328,5.052200357541533
2002-09-24,-19.562181815511522,-2.8682577264509073,-40.08866593915446,6.004201865311208
2002-09-25,-19.84738700295384,-2.7911871688273076,-41.64395038842327,7.15013666506219
2002-09-26,-18.007032725459297,-3.4596581997437417,-40.425296269305356,7.651554424251829
